Entity,Buy/Sell,AgreedFx,Currency,InstructionDate,SettlementDate,Units,Price per unit
usd,B,0.6571817327141675,TRY,24-Feb-2016,4-Apr-2016,51.45156259229909,148.3030515937745
ewq,S,53.948785899080654,RWF,6-Feb-2016,23-Jan-2016,120.4027400210789,75.82363613255559
qwe,S,71.7818353889301,SDG,14-Jul-2016,7-Jan-2016,402.94503870945726,111.46516096816772
power,S,97.74269637290539,AMD,10-Jan-2016,24-May-2016,337.58516746753014,55.79946655303154
oil,S,82.25182682437084,BIF,21-Apr-2016,13-Mar-2016,440.10795828247996,170.41999538745563
ewq,B,24.19903961135391,BYR,8-Feb-2016,10-Jun-2016,68.28752797038817,154.57932440520472
qwe,B,73.38779556362964,GNF,17-Apr-2016,9-May-2016,65.2593028109645,109.28404484652431
qwe,B,73.63306830136953,RWF,11-Mar-2016,18-Apr-2016,304.9413464113668,32.43187081845748
power,B,87.95342321566403,LBP,26-Apr-2016,21-Apr-2016,293.63197086980057,64.97089600518215
power,S,61.86618576594114,NZD,10-Apr-2016,10-Mar-2016,121.64129426031148,147.05095665615258
ewq,S,71.62026173762939,IDR,22-Apr-2016,1-Jan-2016,117.76578950049229,105.23331454539544
gold,B,83.8784601167049,BHD,15-Jul-2016,6-Mar-2016,58.704091429179336,96.94564866202255
power,B,83.38962672175583,KGS,9-May-2016,13-Jun-2016,77.4100526580314,102.56418282434743
oil,B,18.36787463091595,XPT,26-Mar-2016,15-Jun-2016,16.156121174556,153.02858238813
qwe,B,96.52181924598037,XPF,27-Feb-2016,13-Jun-2016,462.25577454410745,59.235376723345354
qwe,S,39.627805743213216,ALL,4-Apr-2016,9-Jan-2016,260.1165642403316,74.2074952083991
oil,S,41.59704122272136,EUR,10-Feb-2016,7-Mar-2016,135.21683937604897,31.22624690606894
gold,B,35.55621992598397,XAG,21-May-2016,4-Apr-2016,334.4130716418952,23.51250674561822
ewq,S,12.733764226879323,XPF,16-Mar-2016,14-Jan-2016,70.02447036842801,103.45945889488262
usd,B,62.910709710976,XAG,20-Feb-2016,2-Jun-2016,37.21645335034388,148.23040655696437
gold,B,17.80738733375907,XBB,27-Apr-2016,8-Mar-2016,329.0009692988278,0.6460673629799478
usd,B,62.32823038594255,NGN,5-Jul-2016,5-Feb-2016,290.45233447666476,18.227562020835183
usd,B,10.183296001545726,XUA,1-May-2016,17-Feb-2016,47.524501150642784,112.6939958116464
gold,S,10.415827176152886,USN,8-Jun-2016,26-Jun-2016,148.01996969605815,42.07266169909195
usd,B,88.61786206184728,ANG,19-Feb-2016,13-May-2016,140.22016374079132,26.11150794522726
power,S,2.1963685116887897,MNT,15-Feb-2016,3-May-2016,72.29505475517576,52.499556006802685
ewq,B,83.61471103740709,MOP,2-Feb-2016,14-Jul-2016,486.1001748089888,180.38599039231488
gold,S,89.41900509429423,SHP,12-Jul-2016,15-Jun-2016,287.36422031898775,113.44201658979333
ewq,B,28.14317203386214,FKP,17-Apr-2016,15-Jun-2016,11.2502541237785,79.77788287253036
power,B,33.16080160712978,MNT,18-Apr-2016,1-Mar-2016,302.1575143435692,47.76204860300418
oil,B,76.49348567571634,MAD,27-May-2016,25-Feb-2016,213.03425752568523,18.158132340181076
qwe,S,40.43266605678944,KPW,5-Mar-2016,21-Apr-2016,419.40297278938425,57.946316851648696
qwe,S,18.060925435151727,MAD,2-Feb-2016,25-Apr-2016,387.6072213077522,5.925197117134832
ewq,S,90.64416435213583,HRK,27-May-2016,3-Apr-2016,75.18702272065708,190.67635754237216
usd,B,48.14621034021033,IQD,8-Apr-2016,4-May-2016,236.49850872530178,156.198439874336
oil,S,90.77298348152019,VEF,6-Mar-2016,26-Jun-2016,338.56027748889966,32.992114362513675
ewq,S,20.25809826209971,MNT,23-Mar-2016,17-Jun-2016,312.8657719895673,52.75085777093381
oil,S,44.07658116377177,UZS,12-Feb-2016,13-Apr-2016,341.61070372542827,168.90049811564364
power,B,32.64054466706739,JOD,12-Jan-2016,5-Jan-2016,139.6922820010379,179.13472712158682
qwe,B,49.86962450907819,DJF,11-Jun-2016,7-Apr-2016,328.1689155370752,73.15855394940489
qwe,B,33.204344406564864,XAF,22-Mar-2016,26-Jul-2016,374.6361982439111,5.648600304032784
usd,S,33.51596491060288,BGN,5-Mar-2016,8-Jun-2016,323.5482539464944,91.51644675815555
ewq,B,47.02349912487329,PYG,7-Jan-2016,16-Jul-2016,395.58865284325753,157.69552628032162
gold,B,83.50665060831936,NPR,12-May-2016,10-Jan-2016,456.06473842085404,72.81601418502288
usd,S,25.504346512099133,ANG,3-Apr-2016,25-Apr-2016,261.72793761090986,11.440536299485215
qwe,S,16.037025631073718,USD,24-Jan-2016,6-Mar-2016,352.7841941686279,166.19989802265016
usd,B,56.159320879069085,ZWL,9-Jun-2016,24-Jul-2016,289.911650316548,134.13468990663287
ewq,S,34.06815184154377,CNY,26-Jul-2016,8-Jan-2016,318.5477511956206,24.096403413865605
ewq,B,45.644584906204905,DZD,20-Jan-2016,25-Jun-2016,336.9890832522856,64.94109476759469
oil,B,8.398071153111566,LRD,23-Jun-2016,24-Jul-2016,183.508094052581,165.64188568311522
ewq,B,15.166063212478882,USD,10-Feb-2016,3-Mar-2016,175.8046451582534,35.4183439395162
ewq,S,29.73798122963602,SSP,7-Jan-2016,7-May-2016,445.82337375462856,13.701229935840882
ewq,S,67.62004546841439,ILS,26-Feb-2016,4-May-2016,119.68948418914397,115.25797987435874
power,S,2.8345327430677165,PAB,7-Apr-2016,21-Jan-2016,186.36755947589967,86.30426467823371
qwe,B,6.348048068875864,GBP,20-Mar-2016,21-Apr-2016,49.15317096306243,74.42426134646075
power,B,68.69103389878701,SSP,8-Feb-2016,3-May-2016,387.4032292451839,165.1485201136026
ewq,B,69.62706365523238,CHW,27-Apr-2016,10-Jun-2016,16.04965735959029,100.65997847283933
qwe,S,36.54043556793737,KZT,15-Jul-2016,7-May-2016,400.3193806599926,44.48324192697647
usd,S,8.046788945549835,CLF,5-Feb-2016,21-Apr-2016,105.66293401221641,116.35678756682823
qwe,S,82.301195128961,GIP,6-Mar-2016,5-Jul-2016,71.81571081944445,111.41463477581641
usd,B,94.39323355061315,CUC,12-Feb-2016,11-Feb-2016,369.76336461115073,120.47579160781947
oil,S,41.00895581049196,RON,20-Jan-2016,18-Apr-2016,428.9834438358533,145.74197410228476
oil,S,26.390046516275106,GTQ,18-Jan-2016,17-Feb-2016,204.82076712509266,145.29286657696773
usd,B,94.20303017524577,IDR,8-Jan-2016,26-Jan-2016,269.17616134085995,45.20694625676963
gold,B,34.73264653577906,BYR,21-Apr-2016,5-May-2016,193.25798588376549,48.98078223008018
gold,B,24.913701551338015,CRC,9-Apr-2016,22-Jan-2016,140.49100910436687,5.975358604926227
gold,B,9.274741033000653,XAU,17-Apr-2016,8-Jan-2016,383.7138581136298,130.10530832806316
gold,B,17.39338751618496,MRO,5-Feb-2016,27-Mar-2016,103.3392009988055,106.45561922710131
usd,S,0.9585415632688524,PYG,25-Jul-2016,24-Mar-2016,484.24692971685494,122.28528609135488
power,S,0.630033752156593,STD,27-Jun-2016,21-Jan-2016,427.8017809334103,10.262151159505686
usd,S,73.59375060983928,GTQ,23-Feb-2016,17-Jul-2016,62.03543394501208,35.76393382588032
qwe,B,43.00454961957462,MUR,21-Mar-2016,14-May-2016,64.08304837612994,88.99446832142611
qwe,S,9.760508178456787,TTD,22-Apr-2016,17-Jan-2016,497.08215273509774,199.57046866172902
ewq,B,41.67697249388531,SVC,10-Jul-2016,1-Jun-2016,272.97577218026373,162.68168924988152
oil,S,25.15347608517389,YER,16-Jan-2016,4-Jan-2016,166.6079423829418,175.77605041524518
oil,S,37.08141081925985,BHD,24-Jun-2016,15-Jan-2016,464.7547500524687,169.63781469207186
qwe,S,26.284833719155642,BYR,18-Apr-2016,6-May-2016,289.49138172367566,56.71807842942166
power,B,70.94212586356439,XBC,12-May-2016,11-Apr-2016,421.1365237067322,6.199401685213419
power,S,89.46075949481202,ETB,11-Apr-2016,27-Apr-2016,67.27953746579439,42.64279118600344
power,S,38.368795453948,CNY,18-Jan-2016,1-Jul-2016,29.758910977500786,151.47155037087916
qwe,S,55.90296738267625,TWD,15-Jan-2016,19-Feb-2016,272.24347023245923,30.713354857989664
qwe,S,74.67492142155542,TND,15-Apr-2016,19-Jan-2016,379.8155351641971,119.30026253051501
ewq,B,60.583763696028804,MOP,16-Jan-2016,11-May-2016,486.24230358910853,83.75602221672737
ewq,B,87.67233087489339,CHE,1-Apr-2016,2-Jul-2016,497.32212890433567,110.9929773011807
ewq,B,83.60090254488267,CRC,1-Jan-2016,17-Jun-2016,370.1344576792675,121.88619255009176
qwe,S,62.782537521877586,BRL,26-Jan-2016,25-Jan-2016,259.77123202547085,35.76016890419094
qwe,B,26.63709729554908,XPD,6-Jul-2016,7-Feb-2016,376.47579129531175,169.05462991858496
gold,B,69.67012326911713,LRD,22-Apr-2016,5-Jan-2016,491.05171152367535,163.11826562750454
gold,B,88.95507734396422,JOD,17-May-2016,19-Jan-2016,103.02776821120634,138.92412152334694
ewq,S,13.608387773808355,TND,19-Feb-2016,22-Apr-2016,45.11697885230617,141.56915355381042
ewq,S,49.52324422721207,BYN,16-Feb-2016,14-May-2016,418.5161346527441,195.20007209554632
oil,B,85.59975248869122,COP,19-Mar-2016,18-Jun-2016,393.7189567083817,130.45505806204517
power,S,81.17475011567957,KMF,23-Jul-2016,25-Jan-2016,430.4049490463077,34.280972202661545
oil,B,36.35660726093728,TOP,7-Apr-2016,5-Jul-2016,345.05061491551015,154.48844845586243
oil,B,91.1955598833452,SEK,23-Mar-2016,24-May-2016,338.69764307488805,198.54030211133892
oil,B,88.64054296342077,NZD,16-Jul-2016,26-Feb-2016,162.1325955307747,60.021151031772206
ewq,B,52.53779704128456,KRW,21-Mar-2016,9-Apr-2016,154.4993753593514,45.08715832412183
usd,S,14.28171318019141,NOK,3-May-2016,4-Jul-2016,158.8203109832427,124.32531862812735
gold,B,84.61245473368959,CAD,2-May-2016,13-Feb-2016,482.8396229292502,98.10706773139154
ewq,S,55.51045155351896,BZD,1-May-2016,25-May-2016,67.28415116025471,175.8307749573499
oil,S,15.543998639176317,ZAR,21-Apr-2016,2-Mar-2016,24.442196445815178,32.07240667425229
qwe,S,86.76818238675938,GTQ,13-Feb-2016,2-Feb-2016,113.66941367509834,136.83582277817422
usd,S,57.78953250280626,PKR,23-Jan-2016,1-Jul-2016,18.133096068741338,31.08952069899097
usd,B,76.18990466901187,UGX,7-Jan-2016,25-Jan-2016,342.0000989650933,195.51107215496353
ewq,S,37.197422203365676,BGN,26-May-2016,2-Apr-2016,283.79651847209533,31.227266370902623
ewq,S,71.74911979771359,MZN,20-Feb-2016,5-Jun-2016,297.761074895827,43.705681680511
ewq,B,54.12181591242751,GTQ,4-Feb-2016,5-May-2016,208.51711234844748,91.2572088417542
oil,B,72.53383904036946,GHS,20-Jul-2016,18-Mar-2016,189.14948751557588,169.62395214822823
ewq,B,53.55961362044747,GNF,4-Jan-2016,20-May-2016,434.71381887484637,87.42008374921897
usd,S,62.84779268349803,AED,16-Mar-2016,19-May-2016,209.84867423287494,135.95729704384067
gold,S,46.23510623175346,GMD,11-Jan-2016,25-Jul-2016,425.7104276551673,168.20331238311485
qwe,S,30.05950864797421,AMD,5-Apr-2016,18-May-2016,52.14148453142726,33.042265034232976
ewq,B,9.174174492444068,MGA,19-Apr-2016,4-Mar-2016,425.6355945881236,123.6289776002447
qwe,S,5.364897831897484,XBD,6-Jan-2016,6-Jan-2016,203.32856973001844,17.334065598114496
oil,S,10.16779285907211,RSD,23-Mar-2016,16-May-2016,416.9529459764006,179.2134305739494
gold,B,56.9714225034182,CHW,27-Jan-2016,1-Jul-2016,387.6028120262834,127.0208537622106
ewq,B,24.60378248459263,VND,24-Jan-2016,8-Jan-2016,246.42785520368696,58.837878047643386
gold,B,83.40673231375295,HKD,7-Apr-2016,12-Apr-2016,283.57920651691626,28.319337969529478
usd,B,58.207116983001676,RWF,2-May-2016,19-Mar-2016,362.58955036229065,155.79452361345983
oil,B,22.205491995600703,KGS,1-Feb-2016,27-Feb-2016,322.6081516055182,147.73165352320453
power,B,29.96291581006174,YER,8-May-2016,23-Apr-2016,129.3383423169747,137.24653075097922
usd,B,36.02493074523283,MMK,25-Jun-2016,25-Jun-2016,92.18351488698852,43.334303084026864
qwe,S,26.10044531068143,BBD,2-May-2016,20-May-2016,461.9621930810297,97.76271699326043
gold,B,15.167090807631494,GTQ,7-May-2016,20-May-2016,32.088885583007354,153.1053897683567
usd,S,55.59833632473172,GIP,18-Mar-2016,13-Apr-2016,203.01178780573224,126.45140158850214
oil,B,40.163016198460504,SYP,1-May-2016,23-May-2016,348.0741435483016,3.195744843856503
oil,S,15.499714180076708,CAD,23-Jun-2016,9-Mar-2016,417.0281235382116,36.322502683597996
usd,S,34.69024507201196,BMD,23-Jan-2016,18-Mar-2016,461.74314668657223,138.27055846863178
power,S,40.763357930412546,XOF,13-May-2016,1-Mar-2016,426.37424807900055,104.26426070292462
power,S,39.221482018975756,PAB,17-Jun-2016,26-Apr-2016,320.22987097644733,117.1475145530504
usd,B,11.458213595915964,AOA,10-Jul-2016,5-Jul-2016,54.053151754312154,36.878797777127886
gold,S,30.027429890703463,XDR,26-Apr-2016,15-Apr-2016,279.71623235859386,189.06438051657506
qwe,S,16.007473336883038,ZWL,24-Jan-2016,10-Apr-2016,469.0161533883673,167.7891007082299
usd,B,40.693394563276385,SLL,10-Jan-2016,25-Apr-2016,251.49864446606497,74.73058883962577
ewq,B,95.43899369109465,ANG,25-Jul-2016,12-Apr-2016,260.2381195800869,82.30206226511169
usd,B,62.796693253478445,FJD,16-Mar-2016,13-Jul-2016,368.0727987298791,191.43521400559092
qwe,S,37.047673516667125,ARS,22-May-2016,5-Jan-2016,238.42912555788124,121.30258487291917
qwe,B,93.73467180793396,THB,16-Mar-2016,25-Feb-2016,167.94134055975664,184.0612624752989
qwe,B,56.720298311310025,SGD,14-Mar-2016,12-Feb-2016,7.174357534836216,76.56229598693164
ewq,B,36.92928865302657,CVE,5-Jan-2016,26-Apr-2016,72.15675660893477,119.21816185038166
oil,S,4.026703804452614,ZAR,23-May-2016,27-Feb-2016,496.699728541377,180.7681759926868
usd,S,55.9887164541453,BBD,9-May-2016,17-May-2016,395.23788405898654,83.40709560410545
qwe,B,57.34938478155299,HUF,15-Jun-2016,20-Jan-2016,192.45046512944398,144.01535694306057
power,B,35.188248446156365,NOK,16-Jul-2016,5-Jun-2016,436.26183294976266,193.52394872937927
ewq,S,35.97743640706944,LRD,10-Apr-2016,15-Jun-2016,431.4055273340005,8.848312566689327
power,S,35.92404790537835,SGD,15-May-2016,20-Feb-2016,291.8678780393138,68.40042631281315
oil,B,73.87200866488243,MNT,21-May-2016,26-Mar-2016,492.3553499149612,63.15812213635352
qwe,B,58.7425737052572,SAR,16-Jul-2016,8-May-2016,326.1136395138747,176.74987148553475
oil,B,18.581716064045935,XBB,21-Jan-2016,6-Jan-2016,391.08803448385584,15.387057068482113
usd,S,70.79346977601372,UYI,13-Jul-2016,26-Jun-2016,436.50237711866083,162.9856571522786
gold,B,34.03284455643961,CNY,16-Jul-2016,25-Mar-2016,280.2537358672722,192.47215944496793
oil,B,27.741663846519444,ARS,24-Feb-2016,25-Jun-2016,448.7376628816105,47.921540244310656
usd,S,27.08359630610979,IRR,2-Jun-2016,17-Apr-2016,312.5736102126813,51.8723891100164
oil,B,79.98010192052372,AZN,8-Jun-2016,16-Feb-2016,21.334801545811064,89.79935453120875
ewq,S,83.31907589708227,XBC,21-Jul-2016,24-Feb-2016,99.12651244741961,82.22762952813616
usd,S,53.54436301191603,LKR,16-Jan-2016,8-Feb-2016,290.48843067108334,78.74362802170455
oil,S,18.786503796595557,JPY,1-May-2016,7-Jul-2016,337.8896813835954,83.18917806698971
power,S,51.07241090553132,KRW,3-Mar-2016,25-May-2016,377.81486853908876,1.5375284318958498
power,B,10.458444981585894,MRO,19-Feb-2016,3-Feb-2016,256.9332581301599,76.62000406414293
gold,S,73.60953563025205,UGX,7-Feb-2016,7-Mar-2016,412.11249393003965,171.37721211724624
power,B,69.15459578806433,GYD,22-Jan-2016,13-Jul-2016,494.50895416371293,22.739900191224756
usd,S,13.31496604225033,CRC,15-May-2016,26-Apr-2016,64.55431105140725,177.55533705998178
usd,B,37.638703276488506,BMD,22-May-2016,12-Mar-2016,119.85295976118057,67.80276820501122
ewq,B,20.23105275506497,VEF,17-Jun-2016,17-Feb-2016,199.62053957627967,117.6473395988663
power,B,53.92409060828777,XUA,10-Feb-2016,25-Jun-2016,295.4756816529627,49.95826859110703
gold,B,58.058905922140994,PAB,6-Jan-2016,12-Feb-2016,381.1345993587831,194.06455931281008
ewq,S,44.034811593297945,SLL,13-Jul-2016,26-Jun-2016,34.78948583297416,127.10177551851649
usd,S,56.57094387871102,TND,26-Jan-2016,14-Apr-2016,106.69061120851865,80.58095337477955
power,S,77.6114720944147,LYD,24-Feb-2016,22-Apr-2016,8.770709182222184,102.07661553159254
usd,B,47.043387018653654,ZMW,7-May-2016,25-Jan-2016,331.5234366214348,87.97231226112872
oil,B,56.97938054049308,ALL,8-Feb-2016,14-Feb-2016,233.3068689241353,109.58791624117978
qwe,S,53.23605454709334,BDT,27-Jul-2016,16-Jul-2016,330.6783407917539,56.60155651915219
ewq,B,20.957126534047497,VUV,14-Apr-2016,11-Jun-2016,75.28431109052825,71.37070928645223
usd,B,68.5178234035361,TOP,17-Feb-2016,6-Jul-2016,125.9768251815553,62.68869560313237
usd,S,6.7153603060884315,BIF,6-Mar-2016,3-Apr-2016,466.67090308805314,22.85211036385801
power,B,49.35712470979001,BGN,9-Jun-2016,17-Mar-2016,265.2730419652115,149.61999620696156
gold,S,3.1227818899358843,TWD,7-Apr-2016,18-Jun-2016,176.0176380954128,79.75628217349276
qwe,S,53.05322515572705,NIO,10-Apr-2016,1-Jul-2016,442.1115726212491,179.83326048408432
ewq,B,81.48479125831841,IQD,14-May-2016,23-Apr-2016,434.528416804587,45.32256013772857
ewq,B,71.85207593340952,ALL,9-Jan-2016,19-May-2016,350.8025275925094,69.76458785719254
gold,S,39.49215906508524,XBB,6-Jan-2016,6-May-2016,300.7603359968058,169.9857320896117
qwe,S,48.14766461517167,KPW,2-Jul-2016,22-Jun-2016,332.37770312893514,94.9062350067241
ewq,B,82.79112309852498,CDF,19-May-2016,27-May-2016,321.98659468954014,194.53040012685577
power,S,48.34761919705063,MXN,10-Apr-2016,27-Feb-2016,192.70838822437537,38.34598393334382
qwe,B,56.76280037263851,CHF,12-Feb-2016,26-Feb-2016,120.52835726110548,76.58387385808679
oil,B,48.03923225701541,EGP,23-Feb-2016,1-Jun-2016,488.4658079062174,100.25076345840833
gold,S,42.202406913019814,TMT,27-Jan-2016,20-Mar-2016,94.86997407092322,146.60009003111148
oil,S,18.381958179780646,USN,9-Jul-2016,8-Jan-2016,60.66625184588476,161.78655044027147
oil,B,69.99605629351316,GEL,23-Jul-2016,7-Jul-2016,329.98035395719216,84.70272152180632
qwe,B,34.654588103814795,XBB,1-Apr-2016,4-Jul-2016,496.3937702489883,154.27964273885593
ewq,B,41.96394954665525,TRY,6-Jan-2016,9-Apr-2016,381.6480634394703,4.445435336227595
ewq,S,6.4892035507610935,ZMW,16-Jul-2016,17-Apr-2016,18.86039248016532,32.64768596895279
ewq,B,30.961410946386096,FJD,23-Jan-2016,7-Feb-2016,12.426783198658297,67.74563097709378
gold,B,66.5362094774456,TOP,14-Apr-2016,16-May-2016,75.48986888535444,51.23778907092038
oil,S,87.72782932411532,NOK,14-Apr-2016,26-Jun-2016,444.347048936622,119.40501669869452
qwe,B,39.21206007477366,MOP,21-Jun-2016,21-Mar-2016,227.4375558960502,70.98707777504669
usd,S,51.61702995378347,UYI,23-Feb-2016,12-Mar-2016,202.6951103487257,131.16429544072534
usd,B,33.472080972914796,BAM,27-Jan-2016,5-Jun-2016,31.500339085553335,116.86680289472922
usd,S,51.994121710013715,XBA,10-Feb-2016,17-Mar-2016,439.09514178987916,39.538378000428466
ewq,B,86.84592557906996,EGP,3-Jan-2016,16-Apr-2016,259.01518076134494,84.78469242745392
qwe,B,6.276580192390345,XTS,18-Apr-2016,14-Jul-2016,149.056264980663,186.7153782325275
ewq,S,79.49437880757779,ERN,8-Apr-2016,19-Jan-2016,379.2862821018583,150.5172035917407
gold,B,14.423434268687917,TMT,20-Feb-2016,11-Jun-2016,279.20959371751314,102.90304315654096
gold,S,8.77983546821121,RUB,12-May-2016,26-Jan-2016,5.376943921928751,47.16530955208332
oil,B,75.25111244280994,KPW,16-May-2016,21-Jun-2016,493.5507020408852,116.74552071188101
qwe,B,34.587182236555456,THB,13-Jan-2016,25-Apr-2016,165.04878615067318,1.2718272962816055
power,B,69.47620589654694,MXV,20-May-2016,20-Apr-2016,77.64135759285703,178.97193330673534
qwe,B,4.241307184927985,ZAR,19-Jun-2016,5-Mar-2016,309.90532509381006,180.64889744641175
usd,B,2.2581133170990233,CLF,14-May-2016,23-May-2016,430.59333790057843,57.244209279791974
ewq,B,56.55851605799848,KWD,13-Mar-2016,8-Feb-2016,89.5798234856128,156.73021933769618
usd,S,22.87445818273634,KGS,2-Apr-2016,3-Jan-2016,280.95782362804715,96.98508798947906
oil,S,50.813661862762345,USD,23-Jun-2016,13-Feb-2016,145.46175202430095,29.105700968723642
usd,S,46.509068721076154,ZAR,4-May-2016,20-Jun-2016,360.51981846517504,56.42870265061023
qwe,S,42.543149107484034,TOP,12-Jul-2016,20-Mar-2016,133.3036645560745,182.47442330638634
oil,S,41.237167193325966,DKK,25-Jul-2016,11-Mar-2016,380.11076274255356,130.16899028107449
qwe,B,67.38750978943715,BSD,2-May-2016,11-Jan-2016,275.2018333295134,138.79410061137298
power,B,99.83388917831945,PAB,19-Jun-2016,27-Jan-2016,372.6506847488862,74.52443916926008
ewq,B,53.108505881816264,RWF,20-Mar-2016,22-Mar-2016,320.0405279712352,17.58942327146395
power,S,17.222296681933678,GYD,7-May-2016,6-May-2016,346.2943918074675,81.26250054010848
usd,S,81.13345305748511,SYP,11-Jan-2016,9-Mar-2016,17.285977768300633,194.24766715997765
gold,B,17.136172369520295,CHF,6-May-2016,17-May-2016,260.6230092090097,174.683295223268
qwe,S,47.42138820047902,DZD,25-Feb-2016,22-Mar-2016,407.01755491406567,180.27941762697222
usd,B,88.22474950000394,KYD,16-Feb-2016,2-Mar-2016,340.4982770494515,10.331474527910311
power,B,72.58575302821593,SCR,1-Jan-2016,25-Jun-2016,316.64519720740867,86.97920820346393
qwe,S,91.85232151487466,UZS,5-Mar-2016,4-Apr-2016,359.4659369536826,136.7012076570116
oil,B,81.62877395562751,XAU,3-Jul-2016,23-Jan-2016,117.37610301068541,98.60924252527461
ewq,B,77.0141987878131,HNL,23-Jan-2016,3-Apr-2016,115.49478453708568,149.31730013046487
oil,B,1.9572764564295553,MMK,4-Jan-2016,18-Apr-2016,188.58256746117215,173.99797951056962
power,S,53.1374615731447,DJF,14-Jan-2016,5-Jun-2016,2.059210412072116,39.452543318348525
ewq,B,53.9945771365105,ZAR,3-Apr-2016,7-Feb-2016,312.99679074766243,119.68483382518245
gold,S,15.22728893261352,NPR,19-Jul-2016,21-Jul-2016,177.08426137011446,10.364173298607154
ewq,S,1.8964574207788165,LAK,23-Apr-2016,17-Jul-2016,234.11985072560614,8.224880625642857
usd,S,50.38009436660911,BOB,26-Jun-2016,23-Feb-2016,250.89249001074586,153.86134227392873
gold,S,48.83048316842422,IDR,26-Jun-2016,3-Feb-2016,322.6413094478547,96.30168281240405
power,B,49.192521916985676,AED,2-Feb-2016,17-Feb-2016,388.6965067602466,83.89961578978087
usd,B,68.51945818188688,NAD,27-Feb-2016,9-Jul-2016,195.69518680230567,106.01539413904479
qwe,S,89.35665272975818,USN,5-Apr-2016,16-Jun-2016,6.8547113137486795,132.73532201141282
usd,B,79.04104648245718,AWG,17-Mar-2016,24-Jun-2016,169.87550812561457,28.78392111654516
qwe,B,49.61678470661838,MKD,22-Jan-2016,17-Apr-2016,2.939791279294339,95.39507717477436
ewq,B,14.74949144295232,LAK,22-Feb-2016,10-Mar-2016,362.68332547317243,119.33781550821408
qwe,B,36.85537634970307,BOV,8-Jun-2016,6-Feb-2016,472.76178742419944,166.1334953990417
power,B,31.35699713738388,TOP,6-Jun-2016,23-Mar-2016,109.77613303357363,119.69092081271579
gold,B,32.46859235060123,LBP,12-Mar-2016,22-Apr-2016,50.62789281750238,175.59704872448845
qwe,B,59.28897946671861,EUR,16-Mar-2016,3-Jul-2016,118.94624038160579,131.4905178902504
usd,S,8.520501465196142,PEN,24-Apr-2016,20-Apr-2016,5.741065238382948,92.68265258647796
ewq,B,37.75995340495186,BGN,26-Apr-2016,26-Feb-2016,203.08231164205966,154.77538518235977
power,S,39.401705444248925,LKR,23-Jul-2016,17-Mar-2016,465.42047478563086,57.81791263136274
usd,S,46.28851873487193,XBC,8-Apr-2016,20-Feb-2016,208.74362368540454,172.467710658969
usd,B,66.04146956447332,XBB,9-Feb-2016,9-Jun-2016,108.51053051362102,198.6772144146722
ewq,B,1.319881088177448,VEF,2-Feb-2016,22-May-2016,201.91129233300958,125.85250900459907
ewq,S,4.8484910424926895,IRR,11-Feb-2016,23-Jul-2016,435.65585706456017,117.76595045476586
oil,S,16.178463346615786,ETB,13-Apr-2016,21-Feb-2016,161.30455233938176,181.4185190081356
gold,S,5.0811317735131025,COP,5-Jan-2016,20-Feb-2016,411.13609368869993,110.6492659529838
oil,S,49.71224906543972,UAH,21-Jul-2016,4-May-2016,160.3061136413189,3.742872321406403
oil,S,74.44010380952375,MYR,22-Jul-2016,2-May-2016,373.02051795465775,151.1572363735361
gold,B,83.93235018410111,XPF,15-Mar-2016,25-Jan-2016,117.08956878367798,148.33009008375512
usd,S,81.36004889864807,CHF,5-Apr-2016,12-Feb-2016,2.8651533589717406,196.25844858483492
usd,B,23.191105176042257,KES,6-Apr-2016,23-Mar-2016,61.442718645596955,6.895213548903735
power,S,86.5420070986809,RSD,2-Jul-2016,26-Jul-2016,75.14972536427268,99.97513639146868
ewq,S,97.76692615685133,AED,3-Jun-2016,14-Jan-2016,86.6867823301323,85.15842477967264
qwe,S,51.4412221948043,CUP,1-Apr-2016,5-May-2016,201.2958696654579,61.63568199328068
power,B,51.514505772877634,WST,13-May-2016,19-Jul-2016,262.0748402343484,9.13476787101383
ewq,B,46.52204755243608,ILS,10-Apr-2016,20-Jun-2016,150.2843562815624,175.54647717834865
power,S,18.577776678205787,CLF,1-Mar-2016,25-Jan-2016,304.62793973009605,58.29968372688724
qwe,B,88.91374474423445,KMF,2-Jan-2016,25-Feb-2016,375.6510729440613,122.63705275859958
usd,B,91.43975220899516,TTD,12-Feb-2016,21-Jun-2016,413.770094863954,152.80325678677207
ewq,S,62.49225462711171,MVR,25-Feb-2016,1-Mar-2016,302.76909832890846,33.99740245828194
usd,B,54.62464958935725,SBD,5-Jul-2016,1-Jan-2016,298.02763595291896,100.38788784091004
ewq,B,83.40366708036332,KYD,18-Mar-2016,11-Jul-2016,394.8039652353276,46.276779236628684
ewq,B,63.02924195547932,AOA,1-Jun-2016,27-Jun-2016,333.25162321454025,146.55386330549342
power,B,66.48558398636487,MKD,23-Feb-2016,21-Feb-2016,51.515064382778164,77.07586755462246
ewq,B,94.3987991270588,NZD,1-Jul-2016,20-Feb-2016,337.4255093890974,121.22739296130034
gold,S,39.25964140655221,HRK,11-Mar-2016,17-Mar-2016,119.02262297164785,117.39249205427853
qwe,B,84.73744054236123,SZL,13-Jul-2016,11-Jul-2016,162.7406639405708,64.38520882858887
qwe,B,41.32942921925481,JPY,21-Jun-2016,2-Apr-2016,426.9761446520167,163.10301233168022
gold,S,64.73358843268376,KES,12-Apr-2016,24-Jan-2016,108.78050129019192,168.11234793251688
gold,B,40.75753881778511,WST,27-Feb-2016,21-Feb-2016,332.0333222741208,163.6369934051531
ewq,S,71.79254664538256,LSL,21-Feb-2016,6-Mar-2016,325.54985561344745,107.70702479185363
ewq,S,94.39604560282976,LRD,3-Jul-2016,14-Mar-2016,87.63547383229614,102.18382299102495
qwe,B,60.01817332925382,XPT,9-Apr-2016,22-Apr-2016,328.62455818779995,114.78710131916387
oil,B,13.938306289702751,XXX,13-Jun-2016,9-Apr-2016,310.538715879038,158.18295211960793
ewq,S,60.67729899128442,BND,13-Jul-2016,9-Feb-2016,499.1142566626566,111.3843239865208
qwe,S,34.76361588140093,NAD,20-May-2016,9-Jul-2016,311.5151438243226,107.09052744627422
qwe,B,71.25600549218008,NAD,21-Apr-2016,15-Mar-2016,269.8109616139582,105.2703218666407
ewq,B,2.770155007562702,EUR,25-Apr-2016,26-Mar-2016,161.82708441644854,72.7454862851901
qwe,B,89.36017579141365,SYP,24-Apr-2016,12-Apr-2016,197.13966996063178,165.5507088926497
oil,S,37.097830031647106,UAH,21-Apr-2016,20-Feb-2016,183.07242764459056,176.31171635078184
qwe,B,42.2764486677829,ZMW,12-May-2016,3-Jul-2016,363.60440668548756,129.2284086193713
ewq,S,5.26695986475607,TJS,18-Jul-2016,9-Mar-2016,410.99553324612344,161.7746493641503
oil,B,63.49559401487749,GHS,21-Jun-2016,3-Jul-2016,236.11489629886884,102.09859880790619
qwe,B,39.72906382590614,EUR,9-Jun-2016,6-May-2016,143.84552276843795,120.17146433718099
power,S,50.45743057145716,TTD,8-Jul-2016,18-Apr-2016,73.84891689519178,144.4780610620035
power,B,5.688368736649289,BYN,23-Mar-2016,24-Jun-2016,121.00348408941326,177.64981027457802
oil,B,43.79435036152126,NAD,6-May-2016,9-May-2016,188.2102578315589,133.0637419193531
usd,S,0.9184282581251342,ZWL,2-Apr-2016,2-Feb-2016,386.9549687616017,61.20282206237055
power,S,85.83304985312746,AFN,7-Mar-2016,1-Mar-2016,488.2942657862465,170.81939219234286
qwe,B,17.486008740728703,PGK,9-Apr-2016,13-May-2016,270.2327710536914,76.94582367194138
usd,B,23.16843591814732,RON,6-May-2016,1-Feb-2016,430.49287761843044,93.42171900083396
oil,S,84.71809724374907,MGA,19-Jun-2016,17-Jun-2016,191.3988332796095,176.95114752269956
gold,B,47.067287547577486,AUD,1-May-2016,24-May-2016,461.09745250326176,137.7990262167024
power,S,4.787278058781629,BTN,10-Jan-2016,15-Jun-2016,283.8595116019826,23.824556090649004
ewq,S,38.76904659298589,KHR,22-Apr-2016,24-Feb-2016,421.20114732537684,22.003409046478133
qwe,B,20.772674878820975,NAD,25-May-2016,1-Mar-2016,214.35970126446603,192.68815908038962
gold,S,20.269931343740677,BGN,10-Jun-2016,14-May-2016,161.97507637157815,56.29903057942101
ewq,B,70.32218428174707,CHF,11-Jan-2016,1-Jul-2016,146.233976116973,49.0491316943566
qwe,S,99.11156815519048,TRY,13-May-2016,22-Jun-2016,194.4471418017351,66.89328035253254
gold,S,31.295478550550037,ERN,16-Jun-2016,2-Jul-2016,62.93944347383732,47.44570710493092
qwe,B,5.637617348599197,NGN,10-Apr-2016,10-Jul-2016,214.2940479403859,174.77568725199183
gold,S,50.10412899299704,INR,27-Feb-2016,5-Apr-2016,176.98971961120316,144.05156693994692
oil,S,20.772975930647505,TRY,14-Mar-2016,17-Jun-2016,386.6115484311256,24.48266857113284
ewq,S,84.78001179006831,KRW,23-May-2016,6-Feb-2016,29.314652608673875,6.823686003112813
ewq,B,63.982481378595395,IDR,13-Jan-2016,2-Jan-2016,348.0319990954989,150.46945911669167
qwe,B,51.898132494579855,AMD,17-Mar-2016,8-Mar-2016,236.1350748135364,143.73330631594018
usd,B,21.968486183479815,DOP,19-Jul-2016,8-Jan-2016,401.0236864435486,8.913318655736635
qwe,B,7.678335895012864,BBD,1-Mar-2016,23-Jan-2016,457.77280257479083,9.518436760790504
power,S,79.45676172740542,CHE,25-May-2016,10-Jan-2016,308.19055861790093,27.441532513174643
ewq,B,84.91104333740824,XAF,9-May-2016,26-Jan-2016,304.39977740389884,69.1947463895696
qwe,B,9.332399656554594,LSL,23-Mar-2016,12-Mar-2016,488.81125450335935,193.25443148822416
usd,S,32.66677856321488,XUA,7-Jun-2016,21-Jun-2016,479.74144304605437,123.83435611771621
ewq,S,23.0198460209949,MNT,22-Jul-2016,12-Mar-2016,345.6735859265588,60.22579289414047
gold,S,63.55225670036784,XCD,3-Jan-2016,27-May-2016,424.84959055793627,187.95044918604717
qwe,S,89.37439688585872,XBA,26-May-2016,15-Apr-2016,462.9511062648886,199.13828339099058
oil,S,48.50763865339486,XPT,22-Mar-2016,8-Jun-2016,495.3447185568833,133.97523926710292
qwe,S,26.435331244938197,GHS,8-May-2016,26-Feb-2016,216.99493840673875,46.23574155056558
oil,B,92.40102502665887,PLN,11-Feb-2016,2-Jul-2016,347.5674420130446,136.16577156002114
oil,S,2.61257053744268,MGA,12-Apr-2016,24-May-2016,288.7166275346352,172.32934058700351
oil,S,75.0452170647715,SLL,23-Jul-2016,5-Mar-2016,478.3153415408308,151.59829765401588
ewq,S,24.71878524558843,XBD,22-Jan-2016,21-May-2016,296.61375857601575,165.99772527560847
usd,S,6.675901498183509,JMD,7-Feb-2016,8-May-2016,136.06560899654977,64.50089365901113
usd,B,99.50504156378334,UAH,5-Feb-2016,8-Apr-2016,203.50187987263257,181.31475916074652
oil,S,31.842933403043972,PYG,5-Jan-2016,20-Jun-2016,301.54154583156117,74.88227376117977
power,B,58.25328322681853,IDR,26-Feb-2016,12-Jul-2016,53.33355913396909,145.06642734785288
qwe,B,80.07455730932467,QAR,24-Apr-2016,11-Jan-2016,361.8512221199633,93.32593398954101
oil,S,61.56057605460704,BYR,13-Apr-2016,22-Apr-2016,159.3271557211174,64.08665515954786
usd,B,9.381822518990111,HKD,18-Mar-2016,24-Jan-2016,40.06143121985726,163.94682408151775
qwe,S,22.84366248814863,COP,16-Jan-2016,9-Jun-2016,237.11025562406365,91.91465600437448
oil,S,30.9192464993691,BRL,4-May-2016,24-Apr-2016,402.89696335632703,58.735150600840285
power,B,8.124763526451625,CNY,17-Mar-2016,26-Jul-2016,269.4957481357419,153.34931473260042
power,S,88.08628820010452,NAD,10-Jun-2016,12-Jul-2016,317.945408209754,195.55195842544506
oil,B,10.930426722943508,ZAR,5-Jul-2016,7-Jan-2016,397.89267714678635,193.50938382026305
usd,B,65.24192226084027,ALL,12-Jul-2016,2-Apr-2016,436.8699092504935,31.450100927546
ewq,B,7.555133788351626,MXN,2-Jul-2016,7-Jul-2016,51.3391065969444,85.13683666544264
oil,B,6.425324125490231,SCR,9-Jun-2016,4-Jan-2016,247.440885151121,186.1315209305351
ewq,B,72.82118061368612,SOS,2-Mar-2016,9-Jan-2016,230.33137942881876,11.644463426800494
oil,B,75.56655510376052,MZN,13-Feb-2016,15-Feb-2016,152.52802141508434,114.58011374504237
qwe,B,72.67727196688803,MAD,15-Jun-2016,2-Jan-2016,498.02215927991824,132.00635515361935
oil,S,98.24564499102057,OMR,11-Jun-2016,3-May-2016,476.6055579576553,163.0400185526607
gold,B,71.58229590875473,BBD,23-May-2016,26-Feb-2016,295.8087641653895,167.70407486695473
gold,S,6.667653260581511,RWF,26-Jan-2016,17-Apr-2016,221.671092236736,35.602663552783525
qwe,S,31.46294369178451,KZT,7-Jun-2016,5-Apr-2016,5.601414018614737,125.46026016349111
oil,S,72.98402563513103,IDR,17-Apr-2016,26-Feb-2016,303.2246869128446,150.69088984865087
usd,S,25.02463254230482,MNT,14-Jun-2016,18-Apr-2016,68.65138206285361,46.06002186325375
oil,B,60.5293732071211,EGP,27-May-2016,16-May-2016,425.87804712759583,28.365238238243276
oil,B,49.11998041389984,NGN,6-Jul-2016,10-Jun-2016,354.76217878145894,86.53595296267513
power,B,71.47360972382018,XSU,12-Apr-2016,17-Feb-2016,429.39913054426245,164.84460541072414
oil,B,22.04590199600988,SAR,13-Apr-2016,13-May-2016,99.2476853258568,30.860934324228886
oil,S,38.815325465648186,BYN,16-Feb-2016,18-Feb-2016,60.147855218886335,154.5297301850585
gold,B,64.49036602333925,XPD,25-Mar-2016,7-Jul-2016,245.5762795513138,57.27285251047089
usd,B,1.9389596702842935,BIF,18-May-2016,15-May-2016,474.4278394925159,91.80810272207873
ewq,B,87.77922677607582,ZAR,2-Jun-2016,15-Mar-2016,203.23858225672828,32.499705504497456
gold,S,32.1013858525368,KRW,10-Apr-2016,7-Jun-2016,127.67766183109045,38.165897882618815
gold,B,41.5426509533782,ILS,12-Apr-2016,25-Mar-2016,18.037038428245562,88.50546692064505
usd,S,42.64885113429139,MYR,26-Jan-2016,15-Apr-2016,170.9478449001029,76.35891336983035
qwe,S,97.40998721225168,BWP,27-Jun-2016,14-Apr-2016,106.00887960133824,63.45560512113514
gold,B,88.63390103243408,CZK,26-Jun-2016,13-Jan-2016,367.06669521791355,17.17752995823559
usd,S,16.82852917731637,XXX,25-Feb-2016,27-Feb-2016,444.40232481418707,153.0462234526556
oil,S,2.259998639643092,XDR,16-Jun-2016,15-Apr-2016,237.32625955569068,80.93399673885989
power,B,18.60384753515721,LKR,4-May-2016,3-Jun-2016,397.61720220458943,142.75182810796943
qwe,S,77.46707440594403,OMR,26-Jul-2016,7-Feb-2016,467.8097089082665,119.14877400872999
gold,S,47.234230776406896,SRD,20-May-2016,24-Mar-2016,349.9507370265055,189.46280136646732
oil,S,1.1580704160758066,AUD,1-Mar-2016,5-Jun-2016,390.6345448246436,160.5289262018245
oil,S,78.99386592111,XAF,22-Jun-2016,26-Jul-2016,327.958597458717,146.5410361317316
qwe,B,76.03849097946937,VEF,18-Mar-2016,8-Jan-2016,228.73670745584369,179.91577142405146
power,S,97.67451835245654,XPF,7-Jun-2016,5-Apr-2016,446.263454602494,49.88719945108006
usd,S,25.69656762969459,INR,17-Mar-2016,27-Mar-2016,390.7403709702981,121.14672433236214
usd,S,5.095445897118389,XBA,7-Apr-2016,9-Jun-2016,456.75700650964535,39.99865008004914
oil,S,27.896584827977826,CZK,23-Jul-2016,23-Feb-2016,420.17018185542935,190.34705326952064
usd,B,18.01602141710213,MKD,19-Mar-2016,23-Feb-2016,465.3520746139642,118.67992413900946
gold,B,93.00101148349229,ZAR,4-Jun-2016,23-May-2016,303.02149975086326,10.095623169582318
power,B,6.588462999301256,KWD,4-Feb-2016,27-Jul-2016,74.48524705191375,40.40282366110091
oil,S,97.18341587576856,IRR,27-Jul-2016,11-Mar-2016,259.63070741518675,66.56444772408051
oil,S,46.092945435361,ARS,11-Apr-2016,23-Jul-2016,492.4625945290136,113.44354758253169
oil,B,54.58433977705544,TOP,27-Jul-2016,6-Mar-2016,72.6147037304961,128.18011366821935
ewq,S,67.48871180835526,DOP,1-Jan-2016,17-May-2016,120.8605579087018,117.89208594495256
qwe,B,2.4879757189205436,IQD,6-Jul-2016,27-Jan-2016,32.47007197935946,94.03872480437806
ewq,S,55.80130842921278,ERN,17-Mar-2016,11-Apr-2016,5.003470251872525,178.1894671872411
gold,S,28.253635749217516,AMD,6-Apr-2016,2-Jul-2016,148.2212826863003,164.5181922421603
qwe,S,28.109916571173905,BSD,24-Mar-2016,24-Jan-2016,306.5891185384768,9.067454103885765
power,S,71.86522069773127,CLP,19-Jun-2016,11-Jul-2016,414.32296529642076,180.41717805203282
qwe,S,10.972485145787537,AWG,15-Jan-2016,13-Mar-2016,346.53121067683173,141.59119559871462
power,B,49.71757188614732,TTD,21-May-2016,7-Feb-2016,352.53282100003804,107.46368187464549
oil,B,18.97297642565134,BSD,6-Apr-2016,5-Feb-2016,88.48236262123169,158.02683263224105
gold,S,70.59162454883544,TJS,26-Feb-2016,19-Apr-2016,387.07697229817944,183.55486462486934
power,B,47.25500676293685,ILS,21-Jun-2016,16-Jul-2016,106.99680543323578,184.52919464458157
power,B,56.70319817105084,MVR,13-May-2016,19-May-2016,447.5826000655105,129.34775357056995
power,S,48.42573659366334,LRD,15-Feb-2016,18-Jan-2016,224.6577189645255,124.94963285537737
usd,S,57.25146831442294,MOP,9-Jun-2016,16-Jun-2016,376.25491448486173,76.80544417477046
power,B,99.53942206514205,RUB,2-Apr-2016,26-Jul-2016,155.9516136263721,190.53588598570852
gold,S,37.954186814179046,BYN,5-Jun-2016,11-Mar-2016,258.1346882893024,1.2506769259025308
ewq,S,68.71215310421076,MKD,8-May-2016,4-Jan-2016,48.41991119289662,136.5991129089624
qwe,S,76.11274763258888,KMF,8-Feb-2016,4-Jul-2016,191.98662670743775,98.88396464838402
qwe,B,89.32305204822862,AWG,25-Jul-2016,16-Jun-2016,428.62925353472076,31.582348618574752
qwe,S,23.21805754255064,ZWL,6-Feb-2016,23-Jan-2016,289.38364349603853,159.09864600853425
ewq,S,7.734835662671973,TWD,16-Apr-2016,13-Apr-2016,481.36935552183274,27.39801395573732
qwe,S,95.61920162566314,HKD,27-Mar-2016,8-Feb-2016,217.41339237467776,123.56056585383273
usd,S,66.36987259635202,KRW,25-Jun-2016,13-May-2016,51.081882234467045,197.0227229467969
ewq,B,76.48325950901398,TTD,14-Feb-2016,13-Apr-2016,115.41870458864086,133.45676500196254
oil,S,0.8037377346838164,WST,26-Feb-2016,2-Jul-2016,186.2900061592195,52.21455352529074
oil,S,20.76367940343032,NGN,2-Feb-2016,19-Jan-2016,234.26917471038237,142.38706638269974
power,B,19.214532208165615,BRL,27-Mar-2016,3-Apr-2016,132.74285937465532,15.168064170048043
usd,S,54.24347172700358,AZN,11-Mar-2016,6-Jan-2016,315.42809485490835,126.32981103841203
gold,S,55.292051965248746,MXN,19-Jul-2016,10-Apr-2016,414.2434256376242,83.16040965684857
power,B,9.618095694426463,JPY,17-Jul-2016,6-Jul-2016,187.0719175837458,11.16751795761678
power,B,40.4876387101368,LSL,25-May-2016,17-Mar-2016,464.5336899816749,40.755763998235985
qwe,S,29.036141585935685,MWK,23-May-2016,16-Mar-2016,161.229875927278,92.60976542971413
gold,B,82.50818927774387,IDR,12-Mar-2016,26-Apr-2016,10.389742922038192,152.08551697060895
usd,B,3.4294262025806765,LRD,21-Jul-2016,4-Jul-2016,151.69248913755203,67.92237719830726
qwe,S,44.429843726263236,KES,2-Apr-2016,5-Jan-2016,205.18413113330814,86.77732200157457
oil,B,12.895595127214108,BMD,8-Jan-2016,10-May-2016,62.66602098315025,71.58488951075721
gold,S,40.48546316868993,AOA,26-Jan-2016,13-Jan-2016,21.78585389404612,5.905785989048551
ewq,S,26.074910754358918,MAD,1-Apr-2016,25-Jun-2016,365.29641678324276,48.72634633287014
oil,B,69.0698879976275,XPD,11-Jan-2016,20-May-2016,488.6252176857309,176.72460606340417
power,S,6.174903472118257,PLN,27-Jul-2016,3-Feb-2016,206.6825028062629,190.390421236922
power,B,20.505312125861444,SHP,27-Jun-2016,19-Feb-2016,289.69711147013084,24.450025020162602
qwe,B,25.196040747722524,XUA,12-Feb-2016,15-Apr-2016,412.99795585600725,101.66016964506959
qwe,S,71.7589855578833,COU,24-Feb-2016,10-Jan-2016,410.95557587427953,82.1847250004936
power,B,63.547539577670825,KES,3-Mar-2016,2-Jan-2016,160.97363266198394,34.10790806907586
qwe,B,18.264360151580558,SCR,6-Jun-2016,10-May-2016,206.80527468738535,125.08209486632978
power,B,98.50918051696134,COU,10-Apr-2016,19-Mar-2016,19.8854800326254,58.69598345126323
oil,S,30.603106434048172,KHR,6-Mar-2016,23-Jun-2016,281.5572819514158,70.22820145497958
usd,B,18.319573580074465,SDG,14-Jan-2016,20-Apr-2016,480.30370894655596,5.102070805827948
power,B,96.32672765196409,BIF,24-Feb-2016,10-Feb-2016,280.24272824130634,92.30707261535689
qwe,S,13.132358125418328,NZD,11-May-2016,13-May-2016,7.291302586961651,60.626834903778864
qwe,B,61.187970108656735,BRL,7-Apr-2016,25-Apr-2016,289.1567062335838,155.6368334235469
qwe,B,59.42323230189068,NAD,26-Jan-2016,5-Jan-2016,49.52898549710152,76.10244946757147
ewq,B,33.772748179892,CLF,14-May-2016,24-May-2016,325.7454600343882,53.7965206040422
oil,S,17.42359019348092,SBD,6-Apr-2016,12-Jul-2016,84.2399598682037,124.13831511137522
oil,S,77.80149662952606,PAB,11-Mar-2016,26-Jul-2016,179.33219671343215,86.52848685902549
oil,S,4.14729854907652,UAH,8-May-2016,26-May-2016,256.8124179115867,96.90445410745046
oil,S,80.44521198674279,LAK,2-Jan-2016,10-Jan-2016,292.2667319355817,102.01218563311022
power,S,36.61868302416397,USD,2-Jul-2016,15-Feb-2016,9.683100737191399,48.67394230317656
ewq,S,31.12042390907153,BOB,7-Feb-2016,11-Jul-2016,384.1878152295984,32.48773545615202
ewq,S,42.816138176904595,BHD,14-Apr-2016,26-Mar-2016,152.81573178985977,148.48864364186116
oil,S,39.93256919720656,XBC,12-Jun-2016,13-Jul-2016,172.11991619315668,187.0228667777915
qwe,S,45.71929155217755,CVE,7-Apr-2016,5-Mar-2016,469.18545638711714,65.78171374507694
usd,S,72.80197456500221,GYD,26-Mar-2016,27-Jan-2016,308.47221205900115,76.84363485140139
ewq,B,6.011899217743182,NGN,15-Jul-2016,24-Jul-2016,259.36692290563224,148.29886716518834
usd,S,57.665014555630236,GMD,9-Feb-2016,3-Apr-2016,61.921359954569674,182.44735858220974
oil,S,57.620154568179586,LBP,4-Jan-2016,1-Jun-2016,245.29879143673796,88.27694177899612
power,B,27.056871393906256,TWD,19-Apr-2016,23-Jul-2016,55.65522926883723,90.54886380377462
oil,S,37.00756906838856,IRR,24-Feb-2016,21-May-2016,233.03764987513057,8.435842345397594
usd,B,37.858558542154114,XPT,26-May-2016,25-Jul-2016,430.21124143145283,66.25404834854449
qwe,S,77.2099713374773,ANG,8-Jan-2016,4-May-2016,470.4036181176263,83.08465472860496
oil,S,27.616552445100346,BZD,7-Jun-2016,23-Mar-2016,81.84532789114401,175.30381646873008
ewq,B,5.237758339068053,SLL,10-Mar-2016,26-Apr-2016,195.82735359121324,26.332334741045074
gold,S,29.886916344695592,XAU,2-Mar-2016,15-May-2016,33.14945133782571,117.92163654818984
qwe,S,74.80467904483979,DOP,12-Jan-2016,7-May-2016,244.92685335008838,140.8495601921755
power,S,67.4803089665464,XSU,27-Jun-2016,24-Jan-2016,171.95205519884294,12.00325091302403
usd,S,35.2993754310033,MGA,12-May-2016,26-Jul-2016,388.90090563664273,84.06408891024262
ewq,B,72.4562562274922,KHR,23-Jan-2016,26-May-2016,437.36935427621535,51.94758811091944
usd,S,84.69530615304306,BZD,18-Apr-2016,21-Apr-2016,216.399605195559,76.54561311416435
qwe,B,19.880405053928666,EGP,16-Feb-2016,23-Feb-2016,70.64236284288187,197.17063254666877
usd,B,55.82449956986076,VND,26-Mar-2016,14-Jun-2016,375.44921810264253,26.587498635337347
usd,B,7.495951351091771,NPR,21-Jul-2016,26-Jun-2016,201.61667401743884,80.36814735834773
power,B,54.652479518472376,KRW,3-Feb-2016,17-Jun-2016,490.53474232469017,153.38125827143446
power,B,25.177918864421393,DZD,2-Jun-2016,13-Mar-2016,51.32761158270661,13.807864036811019
oil,B,77.51983497781663,GTQ,27-Jun-2016,13-Jun-2016,361.1490068832761,78.0200854112634
qwe,S,62.78886673219362,GTQ,27-Mar-2016,24-Jun-2016,372.32279553377873,128.81577976344673
ewq,S,42.196016872961366,VEF,19-Apr-2016,12-Jun-2016,204.4157418373409,175.38167126888888
gold,B,87.1837156445047,SLL,17-Mar-2016,8-Mar-2016,220.58941520578455,127.35743883395341
usd,B,45.91481668027123,XXX,19-Apr-2016,13-Apr-2016,93.51820699828275,130.58735600802126
power,B,77.88260560794433,JPY,10-Jun-2016,23-Jan-2016,273.0988714571201,144.93157232233793
gold,B,55.70487773069253,XBD,10-Apr-2016,8-Jan-2016,150.08643280814914,120.28119645821221
oil,B,18.795157895834848,ANG,6-Jan-2016,4-Feb-2016,317.3056080810545,148.64959262285493
qwe,S,76.18527223062397,BOB,9-Jan-2016,25-Jan-2016,257.59918511071254,9.063022742153622
ewq,S,18.983482116261712,CZK,9-Jul-2016,20-May-2016,332.2199994948619,39.70416851528066
ewq,B,23.372260313377726,CHF,10-Apr-2016,4-May-2016,415.4328248677025,47.08255800373407
power,B,11.501825980624686,NOK,12-Jun-2016,8-Jun-2016,256.6734924133643,101.73791123152616
usd,S,77.35978110848137,JOD,19-Jan-2016,25-Mar-2016,100.25343676508419,90.91507756219964
power,S,54.38594791856774,CLF,11-Mar-2016,26-May-2016,250.42985841902905,49.69381476363757
oil,S,18.520790425437102,BYR,21-Jan-2016,8-Jul-2016,254.75106297819337,197.62730394134275
ewq,B,85.15890615533327,TWD,20-Mar-2016,6-Apr-2016,183.43387411154774,141.6122702669765
qwe,S,33.807306173326765,KWD,14-Feb-2016,6-Jul-2016,274.05808937706695,141.593597256365
ewq,B,97.26410937416595,RUB,27-Mar-2016,14-Apr-2016,19.254308776754538,66.25320476233806
oil,B,16.46464284554132,SHP,12-Jul-2016,13-May-2016,247.5056863702795,94.8625800901837
ewq,S,68.99369228172225,MRO,1-May-2016,4-Jan-2016,210.48912538812482,188.38490308267126
oil,B,73.0300854592686,CHW,23-Feb-2016,17-Jun-2016,226.64484626518598,25.518187448825447
ewq,S,97.90575796994017,BRL,12-Jan-2016,12-Apr-2016,282.40172703348173,61.88118916056393
qwe,S,68.23220273338822,XAF,7-Jul-2016,6-Jul-2016,292.1006042555631,149.78160764204614
usd,B,90.37305743923609,DJF,17-Jan-2016,17-Feb-2016,89.75301535051779,87.9521185605674
ewq,B,63.88201528502108,LKR,21-Feb-2016,5-Jun-2016,126.63073593153739,102.50682376975875
ewq,S,18.057104979153056,TZS,13-Jan-2016,4-Mar-2016,486.32352830235294,19.66943402064924
power,S,7.333401420980166,DOP,14-Apr-2016,9-Mar-2016,275.7843983249748,114.83701031335598
usd,B,27.460892304168738,SRD,17-May-2016,2-Jan-2016,175.44778675918744,134.57509278260326
qwe,B,52.36887214914322,MVR,2-May-2016,17-Apr-2016,96.00713471336162,168.58173956632072
usd,S,71.24368693768487,XPD,24-Feb-2016,15-Jun-2016,373.1053581425184,97.58516339171183
power,S,35.72765818573695,XDR,3-Jun-2016,21-Jul-2016,226.92297448374165,115.00216178469873
usd,B,57.72386895975712,BND,2-Jun-2016,16-Mar-2016,59.62540240284065,199.89650721121419
gold,B,70.75926947873297,XDR,4-Jun-2016,7-Mar-2016,327.5815993748815,70.23454950748216
oil,S,96.29641765216304,DJF,10-May-2016,4-Jan-2016,443.5615970177948,11.212546307822674
gold,S,50.20936072273538,DKK,15-Apr-2016,26-Mar-2016,233.7299127933952,129.71374042754888
usd,B,89.84365176359796,SOS,5-Mar-2016,27-Jan-2016,383.85057350367407,61.18375491665481
ewq,B,46.4818233702943,BMD,10-Mar-2016,24-Jun-2016,263.31330067622105,150.3163840408379
oil,B,34.98642063200471,UZS,21-Jul-2016,4-Jan-2016,315.7177505669541,42.90628244325934
usd,S,81.59984609622562,VEF,20-Jul-2016,5-Jul-2016,213.88349460635774,50.733098774609864
ewq,B,47.425805918240876,COP,16-Mar-2016,16-Mar-2016,409.87876453118406,189.98386153092284
ewq,S,46.30625374150941,CDF,20-May-2016,16-Jan-2016,388.527541071815,73.64807650016417
usd,S,40.13967532702883,DZD,22-Mar-2016,8-Feb-2016,61.26426268875409,70.06962646466619
ewq,B,74.77181330080604,KPW,4-May-2016,12-May-2016,453.43538337260975,14.732333641703375
qwe,B,21.819858528265264,JPY,15-Apr-2016,13-Jun-2016,225.26933020528145,57.57660532579119
ewq,S,63.535039868215236,MGA,15-May-2016,1-May-2016,329.05500225886647,89.39514944213589
gold,B,62.92629405955125,CNY,5-Apr-2016,8-Jun-2016,307.96904191266145,164.05525107543093
gold,S,1.6018157965910573,KRW,7-Mar-2016,3-Jun-2016,488.0365822938389,184.58822219935635
power,B,66.10808378860486,PAB,9-Jan-2016,14-Jul-2016,204.78867083964428,112.81362399237584
qwe,S,68.35344727354641,MXN,12-Feb-2016,13-Jan-2016,422.8882595528406,33.594025134990474
qwe,S,15.540080663665368,CHW,21-Apr-2016,15-May-2016,457.88784458354115,191.7231058852618
power,B,27.22696622284707,RON,19-Jan-2016,26-Jun-2016,6.913043394141793,62.37007657881212
oil,S,41.11201770689864,CUC,1-Apr-2016,4-Apr-2016,290.4742808986325,37.782782142398155
usd,S,20.504791580916745,SAR,6-Jun-2016,15-May-2016,318.0672451121942,84.75450742092882
gold,B,30.49881676403566,PAB,25-Mar-2016,24-Mar-2016,475.3066984817034,77.93324691302371
ewq,B,42.755386041039536,PYG,19-Mar-2016,14-May-2016,275.83083838743767,172.40567291869596
oil,B,44.24498209769539,SEK,2-Jan-2016,6-Mar-2016,72.52545137621821,171.98776794833043
gold,B,5.906941881471393,PHP,23-Mar-2016,2-Jul-2016,258.57432860388036,56.76840704588547
gold,B,18.858866737612068,KPW,14-Apr-2016,27-Jun-2016,412.9808147498086,65.32349173599043
qwe,B,10.971461136958089,TND,14-May-2016,22-Jan-2016,124.81533334680162,114.6730831604435
gold,S,50.53268810805798,BMD,7-Jan-2016,24-Apr-2016,260.86497596929274,178.2349716951521
usd,S,48.398289455304116,AZN,2-Jun-2016,13-Feb-2016,125.46874070998457,27.20925394468009
oil,B,47.267750318767234,QAR,16-Jun-2016,8-Jun-2016,39.99410323717244,85.01640620593827
gold,S,51.64453346041053,EUR,23-Apr-2016,20-Jan-2016,215.82556482028812,176.24190438379867
ewq,B,23.208364340792865,SSP,16-Jan-2016,10-Jul-2016,495.8798836040856,198.9676021968044
ewq,S,27.30435001558408,LBP,5-Mar-2016,4-Feb-2016,180.17755864352014,64.95954772175462
qwe,B,98.233450128414,SBD,24-Jul-2016,17-Jul-2016,232.55086101659444,164.40224522876022
gold,B,31.354304514468968,CDF,14-Jul-2016,25-Jun-2016,246.24944006600364,128.10131698095023
oil,B,27.36342908164842,ZAR,23-Jul-2016,14-Apr-2016,352.95192860579397,156.6937320831917
usd,S,99.534237200985,XDR,24-May-2016,21-May-2016,336.05614600346,10.829910129845123
ewq,S,51.57770615985789,PHP,6-May-2016,14-Jul-2016,86.28833217367061,9.495267273038433
usd,B,62.18770883057543,SGD,19-Apr-2016,22-Jul-2016,141.63407262352843,41.81314695329893
usd,S,32.84507360473169,XBB,17-Apr-2016,1-May-2016,22.843507181030024,125.52955317305333
gold,S,66.12712833703742,VUV,10-Jul-2016,17-May-2016,199.8187983170257,36.61896858994023
qwe,B,83.06295952266905,NIO,16-Jul-2016,9-Jul-2016,254.42205249850647,29.34713285770923
gold,S,39.43337205567816,LBP,16-Apr-2016,16-Jun-2016,373.19584230477915,147.5916941111038
qwe,B,15.483573969598059,FJD,4-May-2016,17-May-2016,82.76355019142635,15.327324551262347
oil,B,23.8452132206518,NAD,13-Jun-2016,20-Feb-2016,67.73525305614577,82.02455334310022
oil,B,23.49753215438142,MMK,8-Mar-2016,24-Mar-2016,440.0498499303277,72.49655648080333
ewq,S,82.42329399719551,ILS,24-Jun-2016,26-Apr-2016,191.80842581455715,59.95355426262927
oil,B,96.58373303135825,CHW,19-Apr-2016,23-Mar-2016,276.2279772298326,71.92772275983825
ewq,B,80.70729774217074,USN,4-Jul-2016,6-Feb-2016,157.52819392573323,169.69258188534815
usd,B,71.0151079589547,TWD,26-Jun-2016,8-Mar-2016,440.4011812914705,31.68754738680311
usd,S,62.638232516101134,XBB,27-Jan-2016,8-Mar-2016,479.592107382034,81.47568902319058
power,S,63.85668763967257,MKD,3-Apr-2016,7-Jun-2016,253.0274795194869,22.987905118447276
oil,B,14.663062380795012,AED,12-Jan-2016,17-Feb-2016,484.19980039125005,28.557917393385463
qwe,B,35.766740799992725,MRO,19-May-2016,8-Apr-2016,211.6507893781118,191.84498316610618
gold,S,80.42991733442886,TTD,6-Apr-2016,17-Feb-2016,190.87174787835653,125.80148547280614
ewq,S,12.94205316128899,STD,24-Jun-2016,6-Jun-2016,317.05834862499086,121.11578963366475
gold,S,44.967395065068864,CHE,22-Mar-2016,8-May-2016,447.30951179202464,173.7122401602521
ewq,S,37.310640158913785,TZS,24-Feb-2016,11-Mar-2016,246.56569484209695,121.61669264014701
ewq,B,36.74905609203682,LKR,18-Jul-2016,25-Jun-2016,199.1043961055634,21.669410191164825
qwe,B,83.0037964520944,SEK,22-Jul-2016,23-Jan-2016,402.6520612620619,36.36883626487828
usd,S,49.25307045623466,SHP,14-Jul-2016,9-Feb-2016,346.4920353523248,26.0909795905044
oil,S,27.2330474379197,MXV,10-Mar-2016,9-Jun-2016,167.19230793436483,152.31073011471008
ewq,B,74.93483713329779,CHW,3-Jun-2016,15-Apr-2016,345.0108553387459,53.614174574240025
qwe,S,19.281559640072064,THB,20-Jan-2016,26-Jul-2016,308.2000061130767,51.762594049781924
gold,S,58.63406502108379,XAU,18-Apr-2016,25-Mar-2016,458.8068992924502,151.3536632170613
gold,S,83.52351391278545,CDF,2-Jun-2016,1-Mar-2016,10.04215046484633,92.60093721076495
gold,S,34.619244037311105,NAD,12-Apr-2016,15-Feb-2016,159.93544835338034,149.23059061991572
usd,S,34.68791883208018,GBP,21-May-2016,2-Jan-2016,53.98202290621815,95.77390947989284
oil,S,46.68274765319174,UAH,10-Feb-2016,18-Jan-2016,156.6879571605628,114.02466622795355
qwe,B,90.57619280878119,COU,22-Jun-2016,4-Jul-2016,39.55846089532732,95.71853587880511
qwe,S,83.37806924712919,UAH,26-Jul-2016,25-Jan-2016,397.8834067912037,124.89529752299516
usd,B,53.66288608312366,NGN,22-Mar-2016,13-Jun-2016,60.18195839280336,71.63556211899824
usd,B,1.2302592461015645,KWD,9-Feb-2016,13-Feb-2016,438.8439921725277,40.786183638365145
power,B,35.03752672218693,GIP,5-Mar-2016,7-Jun-2016,494.159692441381,186.8740878714504
oil,S,25.456890493670706,HRK,1-Feb-2016,12-Jul-2016,340.0464764612751,160.79517216548757
usd,B,69.93070556584568,FKP,12-Apr-2016,10-May-2016,309.841799393676,193.13247407089528
oil,B,6.6176246860883605,MZN,22-Jan-2016,18-Jun-2016,135.51864979178882,118.20397525471222
power,B,22.489833475162033,BBD,9-Jan-2016,5-Apr-2016,483.0749207850258,85.33268664263983
ewq,B,83.2092810120966,MNT,5-Jul-2016,1-May-2016,94.23181949492242,53.853561131309355
gold,B,48.6249893932266,CNY,19-Jan-2016,25-Feb-2016,173.43485715329746,137.94115986370295
usd,S,40.49421826077464,KGS,12-Jun-2016,2-Jul-2016,428.1104784497463,193.8110230003528
oil,B,36.32625256547652,AUD,20-May-2016,24-Jul-2016,67.46315534084039,151.90266638210267
usd,B,73.90156371588056,UAH,11-Jan-2016,10-Feb-2016,193.67250081552996,87.25824207444695
oil,B,70.80158192920163,MWK,24-May-2016,4-Apr-2016,272.23182087116504,36.123507067106296
oil,S,42.48166785970112,CLF,27-Feb-2016,26-Feb-2016,411.8180446649987,163.78571376437282
qwe,B,18.616977501531437,KPW,3-May-2016,8-Apr-2016,120.59789777742489,53.36458453091466
oil,S,84.81878123808907,WST,9-Jan-2016,10-May-2016,343.2504228518994,32.52976973052259
usd,B,52.4273454003919,BAM,10-Feb-2016,6-Mar-2016,276.4032552077937,72.98124267460516
oil,S,41.50266764015739,SSP,19-Jul-2016,26-Feb-2016,304.43627224293164,38.442828074922495
qwe,B,15.555190331104521,KYD,11-Mar-2016,1-Mar-2016,299.10283213164746,52.29486733115664
oil,S,52.39881562354434,MUR,17-Apr-2016,23-Apr-2016,225.63710724095586,17.08764826118522
power,B,31.154288117472202,GBP,10-Feb-2016,7-Apr-2016,68.92355255553123,129.11135439213956
qwe,B,89.77306519574049,COU,21-Mar-2016,26-Jul-2016,405.09102793157774,67.36678822695544
qwe,S,43.11280755964997,XBD,25-Jul-2016,26-Feb-2016,33.985855123559695,33.0143000878738
usd,S,10.864847575457691,TTD,13-Mar-2016,20-Jan-2016,97.7199692795348,93.18318019392392
power,S,15.926560311305929,GIP,6-Jun-2016,3-Mar-2016,252.3653091565394,64.74713706713945
ewq,S,29.751641026242147,BZD,25-Mar-2016,8-Jul-2016,106.52416026584537,97.93480078988988
gold,B,80.38102942794771,EUR,10-Jun-2016,7-May-2016,145.98002654707938,95.1969863548196
oil,S,51.12453803950196,BDT,6-May-2016,21-Jun-2016,344.22702186533,152.89786117714698
gold,S,65.84122267946998,ISK,22-Jun-2016,3-Jan-2016,312.39606674489715,96.61098861401628
power,B,22.05088411243096,ZMW,10-Jul-2016,19-Jul-2016,156.09691271142924,41.91101989740405
usd,B,55.388080747542325,BHD,18-Jul-2016,23-Jan-2016,270.5568402440749,74.4085078186119
oil,S,39.653682209367034,BAM,10-Feb-2016,27-Mar-2016,484.70314502644055,23.75643499334739
gold,B,2.205135126052542,SDG,9-Jun-2016,26-Mar-2016,33.911699271362394,51.1358443620946
qwe,B,85.08162144484388,TND,22-Jan-2016,5-Jul-2016,455.16119538987033,195.876103498677
gold,B,78.01046966094292,MUR,1-Feb-2016,24-Mar-2016,496.4413913900909,58.47027725238194
oil,S,16.407422590653262,RSD,5-Jul-2016,25-Jul-2016,225.49635405835537,64.75343853341637
ewq,S,0.5035156955304123,VND,11-Jan-2016,3-Jan-2016,468.46159063505087,46.862378407352736
gold,B,68.83430878560814,SVC,7-Mar-2016,24-Mar-2016,423.82583016900304,84.96022161753828
usd,S,25.050635098468348,DOP,9-Jun-2016,22-Feb-2016,302.73313137090463,79.95944891353531
gold,S,55.211997813847006,FJD,2-Feb-2016,1-Feb-2016,464.58432203699255,73.98875113334135
power,S,73.69470674818481,XAF,21-Mar-2016,11-Jun-2016,420.97433532951277,153.65572713146744
power,B,42.00883195024372,MOP,10-Mar-2016,12-Jan-2016,309.05386404150414,78.31027311413173
power,S,79.43197888403019,BND,12-Jan-2016,23-Feb-2016,336.1741747502888,57.27594352044195
oil,B,43.47935630873503,HRK,8-Jun-2016,20-Jun-2016,15.394428052105352,188.2298084207649
power,B,90.13165576664066,PLN,27-Feb-2016,2-Feb-2016,6.069073128441749,19.564731323201844
oil,B,56.03111430327827,BRL,3-May-2016,14-May-2016,205.59854182073084,97.34496884762564
gold,S,85.59257282682712,IQD,15-Jan-2016,21-Jan-2016,320.82978354473823,179.1486769624344
ewq,B,41.48701663708459,SCR,18-Jun-2016,6-Jul-2016,467.97416926130364,164.16272363549174
qwe,S,96.09458349855927,ZMW,25-Jan-2016,5-Jan-2016,319.7316478645544,175.14464911552906
power,S,25.606288906022886,TWD,12-Apr-2016,4-Apr-2016,21.946659339111147,172.6060322564719
gold,B,35.61552407788698,BYN,19-Apr-2016,17-May-2016,119.58145192137069,163.70836767461154
ewq,S,15.683463012616125,BWP,27-Jun-2016,23-Feb-2016,104.45189749830918,125.32994255056579
power,S,97.97560315601271,SDG,17-Jun-2016,19-May-2016,308.230080660126,47.21541584285825
power,S,82.11657272214048,COU,2-Apr-2016,8-Jan-2016,216.35847206831144,88.0679937987641
qwe,S,70.16879621033435,GHS,1-May-2016,6-Apr-2016,486.3472921994695,173.39088456896383
power,S,22.266976074451595,BTN,1-Apr-2016,25-Apr-2016,470.04297943121315,63.40457587840748
usd,S,29.07643805829651,TWD,15-Feb-2016,7-Feb-2016,283.5055333082168,193.61810722257223
power,S,45.088639827036545,MAD,6-Feb-2016,1-Apr-2016,19.459856680836747,84.75745397856979
oil,S,6.5552477771658655,BZD,11-Feb-2016,23-Jul-2016,162.2941491528501,18.75421449151073
usd,B,92.5242283556939,HUF,9-Jun-2016,23-Jan-2016,328.22202118962264,40.45680405558627
qwe,B,46.86719296487731,EUR,13-Jun-2016,20-Feb-2016,191.9547882878144,168.16362954426526
power,B,55.39251193663207,USD,22-Feb-2016,17-Jul-2016,308.5092802856429,61.689430433038964
qwe,B,8.277166531355453,CUC,8-Feb-2016,13-Mar-2016,460.0840645275372,162.62091942618835
qwe,B,77.75444679174917,CDF,18-Mar-2016,3-Jul-2016,37.63000554794982,94.08979520112334
oil,S,73.12732954077457,CUC,22-Apr-2016,27-Jun-2016,40.89844020927638,151.891740998478
qwe,B,16.30521719689571,XPF,19-Jun-2016,13-Jul-2016,156.37225249439877,113.17724924818665
gold,B,48.246820986786545,MWK,23-Jul-2016,16-Mar-2016,138.7372458167487,143.26763923802912
qwe,B,33.42391117607792,GYD,11-Feb-2016,25-Jan-2016,348.1346995707894,157.83330777792466
usd,S,20.760290294082758,KGS,11-Mar-2016,18-Mar-2016,431.4463153234913,12.740806545377332
ewq,S,12.502940206607546,CDF,22-Jul-2016,22-Jul-2016,173.8036837712195,196.52002067663494
ewq,B,8.952633770252696,IDR,8-May-2016,17-Feb-2016,338.6738654510248,15.60462910998327
power,B,20.298824068830395,XTS,6-Apr-2016,4-Apr-2016,92.05429449582502,92.59737331343081
oil,B,48.382532520170784,WST,16-May-2016,24-May-2016,119.8814186024334,118.57786531596119
oil,B,72.9476327449526,HTG,11-Jun-2016,16-Mar-2016,56.72159216834509,45.692710361296456
ewq,B,53.61768320750562,AWG,9-Apr-2016,8-Jan-2016,303.7268997728771,147.7750380956858
gold,B,41.063120432078655,CHW,6-Jul-2016,14-Apr-2016,407.93780639362734,148.37390343461357
oil,B,80.60635742720798,MNT,11-Jun-2016,27-May-2016,492.7504341983379,101.21320159617616
power,B,60.524392392085204,RWF,22-Feb-2016,26-Jul-2016,70.44472123082153,196.65136359118682
usd,S,47.062852639308275,IQD,11-Apr-2016,6-May-2016,112.70561579904027,144.6080542786942
ewq,S,16.48329280351341,JOD,26-May-2016,15-Feb-2016,149.95630322715044,128.3355056610282
usd,B,19.617239058676272,FKP,18-Jan-2016,3-Mar-2016,160.27156083436338,125.32741700614429
gold,B,6.101755645571275,JMD,4-Feb-2016,4-Apr-2016,304.47008791232514,155.433495253214
ewq,S,84.1236591491398,TRY,23-Feb-2016,2-Jan-2016,471.415498759989,81.46634808195171
oil,S,4.732167947775483,XAF,14-Mar-2016,17-Apr-2016,193.09900050288022,90.92213010251984
usd,S,80.80093624732692,XBA,5-Mar-2016,21-May-2016,370.5590404834086,164.24988739848604
power,S,54.20339199863853,NZD,11-May-2016,5-Mar-2016,362.4144245453928,79.1105357401322
ewq,S,55.90226516492461,GNF,9-Apr-2016,5-Jun-2016,205.1980238347715,93.61250732225982
qwe,B,44.77654564351227,AMD,15-Mar-2016,3-Jun-2016,442.25987397386166,70.43424717489935
power,B,11.27010689580444,CRC,26-Feb-2016,4-Feb-2016,21.236876387861138,98.61496178614145
power,B,88.10307442721675,NOK,20-Feb-2016,19-May-2016,402.6532872475388,20.470844131937305
usd,S,45.54118218309994,CAD,26-Mar-2016,24-Jan-2016,309.95398559952105,19.01851811792221
gold,B,92.72910577715493,AWG,2-Apr-2016,6-Jan-2016,172.78019291963375,42.1872838788688
ewq,B,24.403069355952724,HTG,10-Jan-2016,27-Jan-2016,150.64664295063892,18.40119377004539
oil,B,14.478586889130158,BOV,1-Feb-2016,22-Jun-2016,136.75068328232737,50.5789832222131
ewq,S,2.056806680980437,SRD,13-Feb-2016,1-Jan-2016,483.40824922101086,77.70288698366015
power,S,56.32496321831954,AMD,12-Mar-2016,1-Apr-2016,181.02248354932252,17.293701730648927
usd,S,2.8726168348921,XBC,26-Jun-2016,18-Jun-2016,35.39625961162198,36.722581042029184
oil,B,20.423310077637385,GMD,21-Mar-2016,22-Apr-2016,316.0422882953212,116.75504545416909
oil,B,69.87729827879639,NAD,13-Apr-2016,12-Apr-2016,104.67241064291096,8.385570832536732
ewq,B,97.43050616851585,SGD,26-Feb-2016,3-Mar-2016,81.64484070615767,126.9761651962988
power,S,64.62803727371687,ANG,1-Jul-2016,22-May-2016,397.86783465762414,120.08397452405995
oil,S,42.15237984346092,CUC,26-Jan-2016,26-Mar-2016,143.4224243210923,25.400974334063907
power,B,57.8269465365379,KRW,27-Apr-2016,22-Jan-2016,222.3018797585137,17.353441166513253
usd,S,87.19823501491169,VEF,7-Jul-2016,24-Apr-2016,317.3369181520743,5.108719031351648
usd,S,7.1571557946679105,AZN,22-Jul-2016,20-Apr-2016,410.3871121239688,90.22662341132082
qwe,B,11.533587559166643,TND,14-Jan-2016,1-Jun-2016,53.10798372408446,145.44870142979698
gold,S,68.90060341969058,UYU,27-Apr-2016,26-Jul-2016,333.9255741752342,189.15715981052728
oil,S,53.07287952301244,XOF,8-Mar-2016,7-Jul-2016,394.59876327842,83.51131973945992
power,B,48.20835020516438,NIO,3-May-2016,23-Jul-2016,376.5903251156442,136.4896419999935
gold,B,40.8512364440101,LBP,1-May-2016,5-Apr-2016,67.56313111373713,27.946373237816474
usd,B,9.692771339399409,MYR,15-Jan-2016,5-May-2016,426.6927918090908,9.80733699401321
qwe,S,98.90901951641447,XCD,7-Feb-2016,21-Jun-2016,364.1032042931917,186.959840256974
ewq,S,57.6805706000304,NAD,12-Mar-2016,3-Jun-2016,53.57620299788766,5.854733893026162
gold,S,0.7328875769151966,KRW,14-Jan-2016,14-Jan-2016,318.48875781543967,87.43892603144913
ewq,B,96.41157926392181,KRW,4-Jan-2016,27-May-2016,371.7901147982527,62.69302641030811
power,S,28.20610949491284,ANG,10-Feb-2016,12-May-2016,241.7851838069051,182.90656521660347
ewq,B,38.67478597712413,ZWL,8-Jan-2016,7-Apr-2016,472.63294782462117,124.841464639235
ewq,B,69.9648236211548,UZS,18-Apr-2016,3-May-2016,331.4557898568262,78.26302951796087
usd,B,18.19652249164792,ETB,12-Jan-2016,25-Jul-2016,441.82615433102796,128.78010461342134
usd,S,22.661656115499643,XBC,17-Jul-2016,10-Jan-2016,166.18828586194005,82.27463385805223
gold,B,60.62053097645827,CNY,23-Jul-2016,8-Jul-2016,317.1605771165334,189.76982354832876
power,S,36.45149057777891,CDF,16-Apr-2016,22-Jul-2016,242.5509322980562,81.38728188322304
power,B,55.63045534235876,MAD,22-Jul-2016,23-Jan-2016,13.718555960602803,189.89369740946992
gold,S,91.0050193810269,BRL,18-May-2016,7-Jun-2016,167.25806254079475,82.67477206482137
gold,B,19.708696534652205,XBD,2-May-2016,2-Apr-2016,253.48378596724092,43.91794929048046
qwe,B,26.196502382568458,MUR,13-Jan-2016,3-Mar-2016,337.46316738909974,197.0920505150377
ewq,S,86.98569844807751,FJD,18-Apr-2016,14-Apr-2016,283.08094241534644,120.43071671907325
usd,S,90.18829221416239,GYD,14-Mar-2016,21-May-2016,40.64977381887666,149.8765280470462
power,S,4.423340334700546,DZD,22-Jan-2016,12-Jan-2016,457.62379409933345,7.203602437545558
oil,B,12.495294567008179,ZWL,13-Jan-2016,7-Jan-2016,378.6469550159363,27.538063551137817
usd,S,10.70598712436928,HNL,26-Jun-2016,18-Jan-2016,118.92197827046235,141.73189911074124
oil,B,48.944372097285154,LBP,8-Jun-2016,20-Mar-2016,90.98302861858282,177.26267815668112
oil,S,73.01611896547057,EUR,27-May-2016,27-May-2016,8.063290342845491,9.230424795958463
oil,S,7.545752970332937,USD,7-Jan-2016,8-Jan-2016,333.81003171129385,45.916092528688246
oil,S,25.608760774572584,MWK,27-Feb-2016,8-May-2016,311.6807519560297,188.91002238639388
qwe,S,28.506218374386826,HTG,22-May-2016,23-Mar-2016,485.8011328568209,75.26530779523489
ewq,S,56.880619546427425,HUF,3-Feb-2016,5-Jul-2016,383.0591835993232,147.76637750702372
ewq,S,13.20926594510027,XXX,9-May-2016,6-Jan-2016,60.692243237204124,193.1075852076831
qwe,S,30.67123337718099,RSD,21-Mar-2016,20-Feb-2016,315.9640296885142,114.90462034579447
usd,S,30.406889097934503,MXN,21-Jul-2016,13-Jan-2016,36.20288936324183,170.00783966701943
gold,B,57.51440386802312,TRY,17-Mar-2016,26-May-2016,495.81963200106304,38.664983310809156
power,S,39.24516310201263,GIP,3-Jun-2016,3-Jan-2016,45.520481632820164,169.1000249635174
ewq,B,33.34184219859471,CAD,19-Apr-2016,13-May-2016,429.95888534408056,128.89611034591874
power,S,39.040624897277816,UYI,12-Feb-2016,15-Feb-2016,107.62853482491664,66.45629957892642
ewq,B,38.69664190352035,LAK,4-Jun-2016,25-Jul-2016,440.15149311841003,6.813422198610173
usd,S,86.96633770759479,CRC,21-Apr-2016,27-Mar-2016,307.5411356438817,141.4040208704148
usd,B,79.21293614129029,MKD,19-Apr-2016,6-Jan-2016,169.5324222445795,14.767939143861549
ewq,B,15.348166799291599,BRL,26-Jan-2016,22-May-2016,265.0988345851324,105.70736569368991
oil,B,39.55189860392116,VND,18-May-2016,8-Mar-2016,162.40627206510987,40.89659123464115
power,S,28.080258464239535,MNT,8-Jan-2016,24-Jul-2016,4.577928070599363,183.27231118270637
oil,B,23.886787459179615,STD,21-Jul-2016,18-Jan-2016,355.55421946139353,20.871212729352333
ewq,B,62.780912802956905,MYR,26-Mar-2016,27-Jun-2016,405.88256512681613,21.72989628700585
usd,S,81.65034561621579,UYI,26-Jan-2016,25-Jul-2016,311.18127526628587,114.09346364267745
oil,S,77.11528130797738,XCD,15-Jan-2016,22-Mar-2016,190.2592383747193,22.13912243474495
ewq,S,31.071443000857585,RSD,14-Feb-2016,9-Jan-2016,4.302834137876513,166.63122910378408
oil,B,46.347493487470274,CNY,17-Mar-2016,13-Jun-2016,36.60123866142557,150.73071206487123
usd,B,56.46345895651594,UZS,8-Jan-2016,7-Jan-2016,36.70246352218825,117.72213262598862
qwe,S,57.58753343894854,AMD,26-Apr-2016,10-Apr-2016,319.863342241023,141.048121896019
ewq,B,77.2710694930558,SHP,27-Jan-2016,21-May-2016,428.8434928846853,62.33593800380024
oil,B,40.700561584849545,COP,5-Jan-2016,8-Jan-2016,84.89011689389977,3.4679665354112537
qwe,S,95.56499268120317,UGX,16-Apr-2016,13-May-2016,458.2104376383479,118.31833984076357
usd,S,53.14947013205205,MNT,14-Jul-2016,2-Jan-2016,333.1617152663797,16.2390887815193
oil,B,46.95990898196731,NZD,20-Jun-2016,9-Feb-2016,92.44101430650096,145.86290121605958
oil,B,33.39031177792534,PEN,16-Feb-2016,17-May-2016,198.97059963827493,143.36850038186844
oil,S,86.94385663406896,LSL,4-Mar-2016,24-Jan-2016,321.88867201351667,191.38010745401775
qwe,S,22.32239208585413,XAF,5-Jan-2016,13-Jun-2016,432.5515992833684,38.1808149126021
oil,S,11.36808030029787,UAH,7-Mar-2016,17-Jul-2016,249.61102816440697,181.79825081303392
ewq,S,25.70552023540202,GMD,13-Jan-2016,23-Apr-2016,274.9481061548286,64.50891922281679
oil,S,35.81845383864023,ARS,24-Jun-2016,2-Jun-2016,110.2060011606924,83.39876932281283
usd,B,7.239466434689198,SDG,13-Jun-2016,7-Feb-2016,190.08735959389162,162.40358169306631
qwe,B,59.38868236135046,TRY,19-Feb-2016,5-Feb-2016,481.03349210754374,19.624537861621345
oil,B,45.0769743623938,BYN,22-Apr-2016,25-Feb-2016,174.58705859258484,40.38053356436686
power,B,7.653855452811949,LKR,9-Jan-2016,23-May-2016,340.6043170188459,86.74647236131423
oil,S,45.342425860545966,PYG,6-Jan-2016,27-Mar-2016,22.23045861023566,143.6269614228583
gold,B,21.024386611712963,KZT,10-May-2016,8-May-2016,220.51442524077126,84.13831576671492
gold,S,65.20985710060505,KGS,17-Feb-2016,1-Mar-2016,20.20967015800009,8.670335094705344
power,B,98.43957745596717,JOD,19-Jun-2016,9-Mar-2016,422.5685846461117,27.35722658407214
qwe,B,86.09469854802387,EUR,19-Feb-2016,6-Mar-2016,468.78970515819975,156.71863215082362
usd,S,74.78938272106245,MZN,10-Jan-2016,17-Mar-2016,445.6579238018012,49.26006393415747
ewq,S,53.662743349823245,XAG,5-Mar-2016,20-Jul-2016,209.18960560759686,184.95102932529443
ewq,S,15.066066675600117,DOP,18-Feb-2016,27-May-2016,301.97645011504085,91.64665288923884
gold,B,92.0868663727809,MNT,9-Jan-2016,3-Jan-2016,161.8976364025663,180.62471987920065
oil,B,30.16642244036353,TJS,20-Feb-2016,24-Jan-2016,19.70227398980566,122.92255347132968
usd,B,22.372923986584095,ZAR,19-Feb-2016,19-Jan-2016,371.16676406590994,120.67445891452208
oil,B,28.042459135324155,AWG,25-May-2016,14-Apr-2016,373.48767237110224,152.02048095291002
power,S,8.72671369928133,TRY,9-Apr-2016,16-Jul-2016,267.2665811881284,49.25241619332858
qwe,B,65.20186789424886,BZD,2-Jun-2016,24-Mar-2016,110.1416527532332,107.40610431631141
usd,B,32.68965456494046,BND,21-Feb-2016,11-Apr-2016,316.0243115587696,45.59337459573419
gold,B,45.37789076908591,MZN,14-Feb-2016,16-Jun-2016,126.96896388190092,54.44933723943924
ewq,B,69.69284767073368,CUP,3-Jul-2016,8-Feb-2016,178.7795256062403,130.3967943003964
gold,S,5.729519784735441,CAD,24-Mar-2016,1-Jul-2016,433.00419898732,63.918950554671504
oil,S,78.84489587126646,MMK,23-Jun-2016,13-Jul-2016,466.0453822552597,30.782939882837937
qwe,B,45.63224316288175,MYR,4-Jan-2016,21-Jun-2016,4.867591798491152,64.20152806186292
gold,B,38.08165641073431,NPR,3-Mar-2016,17-May-2016,54.02681490710952,27.73058437923673
usd,S,90.81089766985349,MXN,9-Apr-2016,3-Jun-2016,438.57757933748456,57.9608916593487
ewq,B,73.29936903003521,AUD,22-Jun-2016,18-Apr-2016,168.45324383485112,114.40837286147608
gold,B,42.98270126404679,XTS,22-Jun-2016,16-Apr-2016,450.04805386119045,68.00748474747022
qwe,S,53.815329770913195,GNF,4-Apr-2016,4-Mar-2016,66.03250883945415,179.80089297012086
gold,B,75.56418068248647,SAR,20-Apr-2016,7-Mar-2016,214.46947372704676,45.6419598907097
usd,B,68.34482996160334,BYN,23-Jul-2016,24-Jun-2016,302.83543586182367,189.73267709557277
power,S,28.81179760491243,IDR,8-May-2016,12-May-2016,291.2315608913102,4.248000289256771
usd,S,48.57460869868243,VUV,9-May-2016,17-Feb-2016,445.31547755932786,37.931475057597666
qwe,B,13.251876265541817,RWF,6-Feb-2016,14-Apr-2016,233.00941849416517,168.4739204736904
power,S,51.4078788089273,XTS,14-Feb-2016,12-Jan-2016,42.35867826564956,0.8890971961896796
oil,B,94.66634560933507,ZMW,8-Jun-2016,11-Jul-2016,242.30124595466498,35.01796517126558
oil,S,8.766326134402373,XAG,11-Jun-2016,15-Jul-2016,426.47205684995714,51.631229740122826
usd,S,29.96957562981164,USN,8-May-2016,22-Jun-2016,176.17791405086743,73.03217045342919
oil,B,18.740727796171637,JMD,1-Jan-2016,19-Mar-2016,349.39175311589065,55.60117880146333
usd,B,2.7201947856482644,ANG,13-Jul-2016,2-Jan-2016,362.3624290052274,41.59738994315286
gold,S,1.4939934960341303,BAM,17-May-2016,21-Jul-2016,9.125178934633405,151.85078332278138
ewq,B,23.50977941216336,MGA,6-Mar-2016,15-Apr-2016,173.6078993882542,164.9968827553788
ewq,S,3.8937999840912605,MAD,12-Apr-2016,21-May-2016,412.66509551118577,132.22427098712308
power,B,66.01715572572252,FKP,22-Feb-2016,5-Jun-2016,138.40020306659503,149.77421602661573
gold,B,13.282088306394908,SRD,9-Apr-2016,27-Feb-2016,237.47274025254828,186.41601766238816
oil,B,58.51497939541113,CZK,8-Jun-2016,17-Jan-2016,391.0708778774231,30.52041373865778
power,S,91.76908344070392,AUD,17-Mar-2016,26-Mar-2016,280.70039429934394,96.14635864244796
oil,S,89.38036548757509,STD,10-Jan-2016,23-Feb-2016,197.05055177025366,19.092402649378855
qwe,S,82.64315311601165,INR,15-Jun-2016,23-May-2016,198.161449976797,17.354359007142627
ewq,S,13.376311075697181,AED,15-Mar-2016,1-Apr-2016,464.4163028919962,52.697681283426526
ewq,S,39.59027129010612,AMD,8-Mar-2016,11-Apr-2016,59.52562526573409,66.84899542387156
ewq,S,52.85962151110443,YER,6-Jul-2016,2-Apr-2016,460.9621288703522,157.91665096858185
gold,B,79.60040219593597,GTQ,25-Jul-2016,12-Feb-2016,411.46476955350346,99.55246556153037
qwe,S,62.90140225380444,ANG,26-May-2016,14-Feb-2016,256.21787308692797,13.333109879689797
oil,B,49.53766005255296,EUR,18-Feb-2016,21-Mar-2016,230.95655280852492,43.063310176795504
oil,B,27.727988231331384,CUC,8-Feb-2016,25-Feb-2016,277.047678033253,87.85624526700381
power,B,26.377879704027873,KYD,12-Jun-2016,11-May-2016,239.95906141542883,122.45056946026277
ewq,S,33.327035384927974,CVE,3-Feb-2016,9-Jan-2016,193.93293542710825,164.98595720592616
power,B,53.805266221038366,PLN,6-Jan-2016,25-Mar-2016,291.0624192579612,86.93557691039503
gold,S,15.346344811940552,XBC,19-Apr-2016,5-Jul-2016,357.7035776847258,169.01290942704495
ewq,B,66.32013971435553,UAH,19-May-2016,7-Jan-2016,317.8389247065448,148.3421301605173
power,B,76.90037956896448,XPF,10-Jul-2016,6-Mar-2016,323.7243660251237,71.73844327096438
ewq,B,50.59670802959165,OMR,6-Jun-2016,10-May-2016,294.7459335797231,169.94032006640873
qwe,B,23.014758668638862,INR,15-Jul-2016,5-Jun-2016,256.9292981216844,77.12753767455621
power,B,11.666774499423903,COU,4-Feb-2016,15-Jul-2016,200.66381785178424,127.4301926787018
gold,S,47.70338515629706,NZD,12-Jun-2016,6-May-2016,433.8614609080918,19.606002253588446
ewq,S,51.08558777666562,BGN,22-Jan-2016,6-May-2016,284.2010931129826,83.09626968454505
power,B,76.897509789974,TZS,21-Mar-2016,5-Feb-2016,174.1143192607339,95.46912000718702
ewq,S,19.932471168588528,BWP,9-Jun-2016,2-May-2016,391.17561399010754,98.43832852813878
power,B,80.46702585972749,XPF,25-Jan-2016,20-May-2016,46.153535103497404,46.263292442510775
usd,S,21.73505748669675,BIF,2-May-2016,12-Mar-2016,57.18410149531255,87.32323050555294
oil,B,88.12422710069391,MWK,15-Feb-2016,10-May-2016,402.30327836398953,195.84450457315538
oil,S,13.372097184863158,CNY,26-Jul-2016,15-Jun-2016,396.11980600732755,18.2125664517819
ewq,S,44.39735249704347,BIF,1-May-2016,15-Jan-2016,11.45835053440355,113.40275540404869
qwe,S,44.83830159226211,BYN,26-Mar-2016,24-Apr-2016,102.620473013654,12.841918738010058
oil,S,26.39758454385338,PLN,19-Mar-2016,17-Jan-2016,388.5723718790509,145.5127501224042
gold,S,47.11346098898912,MOP,18-Apr-2016,11-Apr-2016,138.2044738051171,179.20757312116964
gold,S,76.09829095728988,XOF,16-Mar-2016,5-Jan-2016,429.45798780428873,195.63489428174532
qwe,B,63.40138281408136,TWD,25-Feb-2016,20-Feb-2016,368.1262683950683,154.21546538498072
qwe,B,66.9012065942643,XBB,23-Jun-2016,7-Jun-2016,350.2567720614712,133.0566231527181
ewq,B,8.827051330954506,KRW,2-May-2016,18-Apr-2016,42.428834065809156,29.03284420108818
ewq,S,3.0707601935790922,GTQ,8-Jun-2016,19-Jan-2016,466.0179650257262,65.75785700395227
ewq,B,48.78761573615871,STD,5-Mar-2016,16-Jul-2016,148.9746981324543,193.0160664876071
qwe,S,5.1423288428671885,COP,26-Jun-2016,21-Apr-2016,385.3021388949256,103.07445308042442
qwe,S,79.72833812445593,UYI,24-Jul-2016,24-Apr-2016,489.81183176878034,21.21795418006914
power,S,96.98384249253314,BHD,14-Jun-2016,4-Mar-2016,202.97257108586726,34.80841749593754
usd,S,99.43240068821216,SRD,15-Apr-2016,25-Feb-2016,485.37715368018445,163.53938834081742
oil,B,64.4184142780598,NIO,27-May-2016,10-Jan-2016,27.874196315023735,42.731151296857405
oil,B,92.12289508733748,AOA,18-Feb-2016,15-Jul-2016,153.59341966052756,174.50079576915462
gold,S,74.01202171765699,SVC,19-Mar-2016,18-Jun-2016,204.61811063466783,125.40327906021787
power,S,29.720116869339925,BZD,9-Jun-2016,22-Feb-2016,88.4565253092511,44.6780272598135
ewq,B,29.63069729014481,UAH,9-Mar-2016,13-May-2016,480.9983422133259,38.942330219848856
ewq,B,48.93514229785567,MWK,20-Jul-2016,8-Apr-2016,426.60670280074936,147.15670022713724
oil,S,48.76678729548392,SBD,12-Feb-2016,7-Mar-2016,74.73492069030249,25.275525357834155
ewq,B,70.8423768303571,TRY,2-Apr-2016,2-Feb-2016,429.27978958378463,185.8506347878884
ewq,B,79.69282839639261,JMD,25-Jan-2016,24-Feb-2016,213.9667882551471,23.571526482935404
qwe,S,24.82392281787267,KES,27-Jan-2016,22-Mar-2016,25.883310863607885,133.76279786610687
qwe,S,19.758484248938863,JPY,16-Jun-2016,20-Jul-2016,122.75706589131403,119.58928944331588
oil,S,22.951570376128043,HRK,21-Jun-2016,19-Apr-2016,476.43277769702763,62.49302885167167
usd,B,63.93250677607907,LYD,8-Apr-2016,13-Apr-2016,442.4264681531467,188.33896594036344
usd,S,72.44278314184227,USD,16-Apr-2016,27-Jan-2016,427.97499634895655,163.41143162943297
gold,B,24.42699432238405,JMD,1-Feb-2016,23-May-2016,353.3800235389255,6.1849618014453505
power,B,85.53252435388264,BOV,5-Jul-2016,5-Apr-2016,364.894348115272,138.63312713388083
qwe,B,85.0854838224411,GIP,7-Jul-2016,3-Mar-2016,375.38169707930024,108.56826014709654
gold,B,50.876749514547704,CHE,1-Mar-2016,16-Jul-2016,192.2452228696143,166.34188204578294
qwe,S,27.097983999511776,MZN,11-Jan-2016,12-Jun-2016,3.9685651327443185,9.961371470466926
qwe,S,57.58647644318162,DZD,2-Jan-2016,5-Apr-2016,87.64995470880046,15.866889776042628
qwe,S,82.56477599208169,HKD,17-Mar-2016,21-Jan-2016,180.67467071600132,69.49112367794457
power,S,62.7629570463894,WST,22-Mar-2016,25-May-2016,474.19566449100006,104.12697612347895
gold,B,31.327711687988486,BTN,26-Jun-2016,27-May-2016,456.5705998431335,167.50468270618083
power,S,91.28125684995699,AOA,19-Mar-2016,22-Jun-2016,156.47415151389575,81.80226819638968
oil,B,17.543701779827913,MGA,4-Jan-2016,9-Apr-2016,78.11286388704838,138.34117905874567
power,S,63.85022134829306,BBD,21-Feb-2016,13-Jan-2016,442.1090682977033,151.03793049653115
ewq,B,35.18752897994221,CRC,16-Apr-2016,21-Jun-2016,172.36304748202429,123.91585158864953
power,B,2.288584865921616,YER,17-Mar-2016,23-Jun-2016,328.5182904018614,20.650575692911755
gold,S,66.40976688067487,XPF,8-Mar-2016,13-Jun-2016,190.52805432383283,186.6946877995656
oil,B,86.61339476819363,SCR,13-Mar-2016,14-May-2016,410.42494210713136,183.6141415022487
usd,S,52.051883404107556,THB,12-Jun-2016,1-May-2016,280.2761631656235,132.85001522824976
power,S,90.91995416223052,MDL,21-Feb-2016,14-May-2016,209.76790681073354,148.64696099878694
oil,B,77.61160323313666,VND,23-Apr-2016,22-Feb-2016,387.87103441989717,62.4842762246354
usd,S,47.11942985156925,MDL,21-Feb-2016,13-May-2016,119.19567088809221,152.24818628764746
qwe,S,52.67300535431007,SLL,24-Jun-2016,21-Jan-2016,345.09787158255114,80.00006167732398
oil,B,24.856357369107215,CLP,3-Mar-2016,14-Mar-2016,405.93031068653414,163.8763153057585
usd,S,96.01481493592642,AOA,7-Feb-2016,8-Jun-2016,72.99161932000506,52.618037016943546
gold,B,45.43980091074323,CRC,5-Jun-2016,4-Jan-2016,170.6478006256952,21.402349609126468
qwe,S,34.51599762373946,GHS,26-Jan-2016,27-Jul-2016,362.3340887149829,116.71011162517145
usd,S,91.08209107077022,BDT,23-May-2016,12-May-2016,483.8261049167055,94.23701147349128
gold,S,60.08110188825899,PKR,27-Mar-2016,16-May-2016,384.1078178434137,197.79529370926653
gold,S,81.08163818277276,BMD,21-Mar-2016,4-May-2016,8.438521630598505,172.58523609552182
qwe,S,41.05260500153414,MNT,8-Mar-2016,2-May-2016,336.9371931676589,28.29917825963541
usd,S,98.09093332361688,IDR,17-May-2016,20-Feb-2016,4.876337332653076,100.05881509544466
usd,B,83.13892085236004,BMD,4-Jul-2016,3-Mar-2016,265.98027783024924,161.42975534253273
power,S,84.38623554231765,RWF,11-Jul-2016,21-Jan-2016,409.92995425332936,44.878793648835824
oil,S,95.38115970936245,MDL,23-Jul-2016,5-Jan-2016,334.40971535982436,155.12277092815424
usd,B,25.22182810280207,PAB,23-Jan-2016,8-Mar-2016,390.41987114656723,1.0586927606955496
qwe,S,53.870346654821574,MRO,3-Apr-2016,6-Jan-2016,250.18581592930315,18.35071147046628
qwe,B,53.80103494075091,COP,9-Jun-2016,2-Jun-2016,240.48836274808477,17.921838229287214
qwe,S,17.002295517001187,LYD,19-Jun-2016,18-May-2016,316.63999579743734,91.57736860540683
gold,S,47.43903035175485,KHR,13-Apr-2016,2-Jan-2016,369.99175312881806,61.15189479132046
ewq,B,77.06864877803363,XPF,9-May-2016,25-Jul-2016,235.43673818669018,13.331946131419068
power,B,87.73658394560532,SVC,11-Jan-2016,26-Jun-2016,336.92610656774696,145.58202540437784
oil,B,47.484727241634786,NAD,8-Mar-2016,12-Jun-2016,225.49301108816255,150.24790236684777
usd,S,59.2771157526208,SSP,8-Jun-2016,2-Jul-2016,356.141165507378,174.6144630543559
qwe,B,96.43235839164242,RUB,19-Mar-2016,24-Mar-2016,423.71011783647316,42.421308002279915
oil,B,2.155988832872183,BTN,15-Apr-2016,6-Feb-2016,394.5286551422703,125.88345885250573
gold,B,65.63592128201175,SEK,23-Feb-2016,24-Feb-2016,9.546625168159698,36.586940034765576
power,B,46.099501289078454,XAG,6-Jun-2016,7-Jul-2016,258.7379939648489,66.23503265721804
usd,B,78.2480501497723,BYR,2-Jan-2016,2-Jul-2016,135.81138463529308,158.87715154358983
power,S,42.683878653681965,KPW,20-Apr-2016,6-Jul-2016,239.4115657450261,142.28134400802338
oil,B,66.16809231855781,SDG,12-Feb-2016,18-Mar-2016,170.0933280037618,2.641581680229149
gold,B,71.66382849551454,XCD,1-Jan-2016,11-May-2016,47.128678584257024,35.07973309436431
oil,B,29.27413565872396,SDG,24-Apr-2016,6-Mar-2016,459.14512592720064,158.02763088911547
gold,S,67.42133508447318,TMT,17-Feb-2016,5-Jun-2016,422.13681842313474,180.45949286682063
qwe,B,83.15526076718803,JPY,19-Feb-2016,26-May-2016,479.37237837037077,109.48607302569512
qwe,S,88.29853565239064,PEN,26-Jul-2016,9-Jun-2016,136.94824147727923,171.0920780400721
oil,B,6.777552362220032,CZK,26-May-2016,25-Jan-2016,144.40960039897587,41.41489686756884
gold,B,58.5939147366154,KGS,4-Apr-2016,26-Jan-2016,31.980987439043435,166.65579389233113
ewq,S,10.938010176352732,TTD,1-Apr-2016,21-Apr-2016,253.45904247807215,90.6960833343187
usd,B,43.65075460041706,QAR,3-Feb-2016,11-Jul-2016,314.28669900543474,91.72916128163438
power,B,36.636143843682206,FKP,17-Jul-2016,26-Jul-2016,338.33836140258916,103.36861134813556
oil,S,19.735215143396207,XBA,5-Jun-2016,1-Feb-2016,402.7048096175447,138.7264505928887
ewq,S,79.6727205393985,KMF,15-Jan-2016,21-Mar-2016,345.63134272126086,129.54420794608455
power,S,95.17388249378642,MGA,10-Jul-2016,21-Jul-2016,276.835017925255,33.834680854075636
usd,S,2.1129263104902454,AFN,11-Mar-2016,20-Jun-2016,131.16291501514254,158.0232701678615
ewq,S,83.41387674810329,PYG,2-Apr-2016,24-May-2016,195.74893776514102,175.26687233160854
usd,B,71.94054600793498,PLN,15-Jun-2016,25-Jun-2016,129.9120801057135,49.86530397470841
gold,S,47.243398425127666,XPT,19-Apr-2016,5-Jun-2016,175.87586946228748,160.55836439541923
gold,B,96.85823107351091,ZAR,8-Jul-2016,24-Jul-2016,168.7304137385466,158.67605734225904
usd,S,88.75874511933182,TTD,2-May-2016,9-Feb-2016,129.14209437538977,182.24558429409498
oil,B,88.22284733099386,IRR,20-Apr-2016,15-Jun-2016,193.41405759346242,5.274231132583032
gold,B,44.63124496275066,BTN,14-Jan-2016,25-Jul-2016,78.73986563768678,117.3857366677037
qwe,S,7.602225091343952,CLF,22-Apr-2016,3-Apr-2016,38.67953253960449,176.7856429732711
qwe,B,11.766033629719809,GBP,6-Jul-2016,25-Jul-2016,272.54750702162653,74.58209074853269
gold,S,35.341836883007886,SSP,14-Jun-2016,23-Jan-2016,47.25938624538032,36.11616053533597
usd,S,55.655150857077096,BBD,1-Jun-2016,21-May-2016,124.0495987787529,167.87291705588828
gold,S,62.55445754593761,KGS,10-Mar-2016,17-Apr-2016,127.85376314474297,192.82658328812175
usd,S,6.7607886169443665,CHE,14-Jun-2016,6-Feb-2016,359.8579673245221,101.10388152103806
gold,S,63.657381205801926,PYG,15-May-2016,12-Apr-2016,295.0608320107111,190.259774921869
gold,B,87.86937218446641,KWD,15-May-2016,13-May-2016,167.5150791144786,117.42215109427015
gold,B,21.616208934279854,NOK,18-Jan-2016,11-Mar-2016,291.45749272314345,18.016509921292368
power,S,78.64434410656213,BGN,19-Jan-2016,10-Jun-2016,356.8530951812259,30.315282815119424
oil,S,8.04692033395196,MMK,23-Jun-2016,9-Jan-2016,216.26910756027223,51.53743931245832
ewq,S,88.23026453076342,XAF,24-Jul-2016,25-Jun-2016,127.68609700270444,149.41698169854226
ewq,S,27.195240957013215,KMF,23-May-2016,25-Jan-2016,87.01958126282094,45.05858662628463
ewq,B,81.9870172688934,GNF,10-Mar-2016,23-Mar-2016,218.38007599125424,55.040615056270006
usd,B,94.2159912150969,XOF,5-Jun-2016,5-Mar-2016,6.787595962058019,10.46130741522853
qwe,B,25.724078089480727,AWG,7-Feb-2016,27-May-2016,179.77160433897825,155.994220478632
ewq,S,78.5916580896878,CNY,16-Mar-2016,14-Jul-2016,184.75801852727656,92.82294687889795
gold,B,34.634344911196415,JPY,23-Feb-2016,17-Feb-2016,310.3787958959909,10.185107566905852
qwe,S,58.094801652044964,TZS,23-Jul-2016,6-Jan-2016,66.77421243532146,68.2218376459351
usd,S,39.96252273906068,PHP,4-Jun-2016,2-Mar-2016,474.4549093992089,27.74552471552714
oil,B,37.560988993048085,SOS,3-Jul-2016,3-Jul-2016,244.53835229587074,88.63026998821198
ewq,S,77.23684994052059,CRC,3-Apr-2016,23-Apr-2016,132.01376819835633,56.767573026172634
gold,B,51.452137958349326,CVE,26-Jan-2016,12-May-2016,288.2686157793432,125.54664086995164
gold,B,18.89049282463487,DOP,27-May-2016,2-Jul-2016,349.1309756198404,69.68367603182821
qwe,B,69.14691097658645,XOF,3-Apr-2016,9-Mar-2016,414.8951899228634,130.44389496089855
power,B,2.508805180351607,NGN,6-Mar-2016,26-Mar-2016,118.28911334315956,193.18054969918296
usd,S,40.037766470957145,SYP,18-Apr-2016,18-Feb-2016,32.474000508431615,194.13309222942658
usd,S,7.830009907097999,XBB,10-Apr-2016,24-Feb-2016,194.01580755558217,124.07555799474278
ewq,S,9.849560662070767,INR,1-Jul-2016,10-Jul-2016,66.17598300032458,62.688668123507746
gold,S,64.01263115598903,UAH,6-May-2016,3-Jul-2016,30.480928372649178,74.08504425746085
qwe,B,44.121965263077406,XAU,17-Jun-2016,14-Apr-2016,382.33344998913003,21.689779886599386
gold,B,33.92560563004274,BND,27-Apr-2016,11-Jan-2016,377.757808742445,42.619673846641184
usd,S,50.89585077323223,KZT,2-Feb-2016,25-Apr-2016,422.9691736267579,171.7951583314047
ewq,B,2.4230419121278333,UYU,22-Jun-2016,3-Mar-2016,144.81356411922835,27.872955793849467
power,B,90.36553470242342,BGN,13-Apr-2016,4-May-2016,54.702830126252536,92.4659777097144
gold,B,64.3022797323512,INR,6-Jan-2016,15-Mar-2016,72.94377897227656,120.21459327502495
qwe,S,57.424737768574886,EUR,23-May-2016,1-Mar-2016,199.48819716214675,97.43026423656826
usd,B,16.2537481966931,SRD,26-Feb-2016,15-May-2016,128.17243659970524,60.37531657761546
ewq,B,82.17791943553202,VEF,2-Jan-2016,5-Jul-2016,345.0588993351032,43.947528267913974
gold,B,8.04366489203575,ARS,11-Jul-2016,12-Jul-2016,424.379926353593,20.51621761328623
gold,S,97.17776167666015,KES,12-May-2016,11-Jan-2016,145.1405264060095,155.07357397981102
oil,B,95.80668623706786,SGD,15-Feb-2016,5-Mar-2016,83.92818034097579,143.76004321950745
ewq,S,5.465922099748295,COU,25-May-2016,22-May-2016,219.33507525829745,172.5896729715351
power,S,40.85147434339849,STD,4-Jul-2016,1-Jul-2016,36.8944916568871,56.639377566190106
usd,B,84.46177745396662,XOF,18-Jan-2016,7-Jan-2016,328.43362115747294,113.74339581197385
usd,B,72.0651768579027,VND,4-Feb-2016,21-Mar-2016,430.2590893595233,20.041126816664274
oil,S,80.83103584305323,PLN,8-Jul-2016,26-Jan-2016,494.3766166631712,53.75688793093047
gold,B,33.498561709874764,CHW,5-Jul-2016,1-May-2016,491.1872950828151,131.98271194271524
power,B,1.2949431865086765,GBP,17-Mar-2016,9-Apr-2016,80.85320680133204,5.202713710730421
oil,S,52.450343656641195,BSD,5-Feb-2016,10-May-2016,142.1167133189439,25.374613092829794
oil,S,35.03282502005119,BWP,8-Mar-2016,15-Jan-2016,156.25542105144177,174.62767805102442
qwe,B,98.89164376770023,ZMW,18-May-2016,16-Mar-2016,101.06521097047622,174.36578427846598
power,S,13.947896682183016,LAK,14-Jun-2016,10-Jul-2016,78.08010603096854,21.83604103474628
power,S,11.138207085726268,ANG,17-May-2016,11-Mar-2016,259.97729280337273,193.98076058750934
oil,S,25.721076863752316,MOP,10-Jun-2016,10-Jan-2016,236.58487092019033,146.625656156587
usd,B,75.63547399085377,SSP,11-Jul-2016,16-Jan-2016,208.2052341878105,100.89318152250162
qwe,S,10.908881897613814,CHE,8-Feb-2016,6-Mar-2016,75.94113145142738,146.9625805952188
usd,B,82.55007026663887,GTQ,13-May-2016,21-Mar-2016,238.60436870562202,132.02129542217523
power,B,91.12314536916954,TJS,16-May-2016,16-Jan-2016,398.7037084832718,99.2901946278537
qwe,S,1.1686705184704562,BTN,27-Jun-2016,23-Jun-2016,36.79449037587486,125.44306638911203
usd,B,83.68868409195169,KMF,23-Jun-2016,9-Mar-2016,326.0119097163435,30.42130256253906
power,S,66.30360074163494,PHP,26-Feb-2016,25-Jul-2016,339.55381707154464,97.62999321959003
usd,S,19.58649603900969,DJF,3-Jun-2016,24-Jan-2016,34.64116844090631,142.31780039708607
ewq,S,39.962915109227666,GHS,7-May-2016,7-Jan-2016,265.85771290145385,145.22481341989047
power,B,32.98851632435112,TMT,14-Mar-2016,27-Apr-2016,359.513236646344,150.45498248542802
qwe,B,11.546377607029926,MZN,16-May-2016,24-Jul-2016,352.1880721137739,46.26801373911039
oil,S,25.715475439022047,BTN,22-Jun-2016,19-Feb-2016,268.137264529053,136.59095307751465
ewq,B,25.44623687232426,KYD,3-Feb-2016,16-Jul-2016,380.036190850575,113.20400589526822
gold,S,6.837802792275383,ZWL,10-Jun-2016,1-Feb-2016,162.4253668841312,3.546905446548641
ewq,B,55.33608774642753,ALL,27-Apr-2016,12-Mar-2016,66.10468677378115,188.3322948582143
oil,S,42.75675011916193,XDR,16-Feb-2016,20-Feb-2016,44.4721354158914,184.96388473084542
power,B,80.90207346146802,TZS,18-Jul-2016,9-Apr-2016,494.47488290969267,43.96897900668263
usd,B,14.265344488773051,USD,3-Jun-2016,2-Feb-2016,267.65093588814915,185.46329073311708
usd,B,62.680220461068124,XPF,26-Apr-2016,5-May-2016,177.7273364422229,133.76372443629432
ewq,B,15.770129019275497,AUD,14-Jan-2016,27-Jul-2016,162.67368697816318,191.43178495891115
power,S,82.49512349400266,NPR,16-Jul-2016,27-Jul-2016,302.7652055181874,199.88012058456837
power,S,70.14313716312503,GMD,7-May-2016,24-May-2016,209.17716869554906,127.42688527804751
qwe,B,20.219563301838694,XTS,22-Jul-2016,25-May-2016,78.25311377489449,188.17005789828582
oil,S,87.56543925915956,SAR,8-Apr-2016,19-Mar-2016,174.91440992558856,35.162629020073354
power,B,8.509836881176858,CLF,8-Feb-2016,23-May-2016,398.1050241948192,101.92584818854216
ewq,B,73.18568414370736,INR,18-Jan-2016,6-Jul-2016,75.72780559734312,53.3665020250597
gold,B,4.3683830229092155,RSD,11-May-2016,17-Jul-2016,70.31200772089966,116.71202541355895
ewq,B,45.21641658412255,NZD,4-Apr-2016,16-Jan-2016,122.25264291992508,91.16829707233856
ewq,S,35.90950865440322,VND,8-May-2016,12-Apr-2016,160.74312764836614,56.534257997471705
power,B,70.83341808629073,HTG,24-May-2016,6-Mar-2016,296.6717174536628,142.67637371923524
oil,S,27.84869663018416,CHE,6-Jan-2016,26-May-2016,7.87274570603356,168.21448150742214
oil,S,89.0807421259525,LRD,26-Jan-2016,22-Jun-2016,222.92156968213803,162.41989832204757
usd,S,38.56919342409529,IDR,8-Feb-2016,25-Feb-2016,480.78628869542734,105.30633250740458
power,S,63.404920914591706,CRC,1-Jan-2016,21-Feb-2016,62.80763784269964,100.30102141796394
power,B,84.0166119674611,THB,20-May-2016,7-Jun-2016,255.26400734508124,127.97047750741187
ewq,B,59.15212867370176,BRL,6-May-2016,5-Jul-2016,107.09527766967626,49.96655576575111
